epoch,lr,stage,step,time,train_data,train_ic,train_phys,train_total,val_data,val_ic,val_phys,val_total
0,0.0009993711719289422,adam,98,26.978816986083984,0.005617973323028387,0.0,0.5114129761610043,0.005617973323028387,0.0027667049894250107,0.0,0.34483317271861047,0.0027667049894250107
1,0.0009974860586225986,adam,196,29.928961515426636,0.0011445001848126874,0.0,0.3373202440860327,0.0011445001848126874,0.0004624009544985297,0.0,0.30933893604349244,0.0004624009544985297
2,0.0009943495970219374,adam,294,32.55723166465759,0.0003907746949517834,0.0,0.27678423571047384,0.0003907746949517834,0.0005293552418825795,0.0,0.26428424030751463,0.0005293552418825795
3,0.0009899697033688426,adam,392,34.959468364715576,0.000304722060970732,0.0,0.2462926033281184,0.000304722060970732,0.00030064910524632647,0.0,0.2395787532527441,0.00030064910524632647
4,0.0009843579027801752,adam,490,36.96946692466736,0.0002386574395422201,0.0,0.2246250756087169,0.0002386574395422201,0.0002165694463551253,0.0,0.22235365761399595,0.0002165694463551253
5,0.0009775282815098763,adam,588,38.67641496658325,0.00019804731694432048,0.0,0.2161831784235344,0.00019804731694432048,0.00025054968711493903,0.0,0.21324350510949683,0.00025054968711493903
6,0.0009694985346868634,adam,686,40.305752754211426,0.00016816950193135704,0.0,0.20732536422758796,0.00016816950193135704,0.00014708291857710464,0.0,0.2054971756764436,0.00014708291857710464
7,0.0009602893842384219,adam,784,42.230241775512695,0.0001336216733682523,0.0,0.20133121608699822,0.0001336216733682523,0.00011215237842395911,0.0,0.1997849932504635,0.00011215237842395911
8,0.0009499242878518999,adam,882,44.20238208770752,0.00010756389401747514,0.0,0.195142152008637,0.00010756389401747514,0.0001304356053103425,0.0,0.19677535875308355,0.0001304356053103425
9,0.0009384299046359956,adam,980,46.087241649627686,9.056890645899568e-05,0.0,0.19151275564692763,9.056890645899568e-05,0.0002037826955859756,0.0,0.19661094094645962,0.0002037826955859756
10,0.0009258356876671314,adam,1078,47.8538932800293,7.965368362917167e-05,0.0,0.19338758280477616,7.965368362917167e-05,6.437574493441991e-05,0.0,0.19286247551693203,6.437574493441991e-05
11,0.0009121741750277579,adam,1176,49.327495098114014,8.826707146842849e-05,0.0,0.19028425688669529,8.826707146842849e-05,5.479854429756784e-05,0.0,0.1922298742581669,5.479854429756784e-05
12,0.0008974801748991013,adam,1274,50.27886486053467,5.859095995725553e-05,0.0,0.19023531503704694,5.859095995725553e-05,6.573852466346143e-05,0.0,0.19240660240320664,6.573852466346143e-05
13,0.0008817915222607553,adam,1372,51.167093992233276,5.7668074746890674e-05,0.0,0.18535453235764482,5.7668074746890674e-05,5.217940584424222e-05,0.0,0.19186185610868353,5.217940584424222e-05
14,0.0008651484386064112,adam,1470,52.0141396522522,4.791868535725231e-05,0.0,0.18913052897179744,4.791868535725231e-05,3.774855502630517e-05,0.0,0.19121986075520073,3.774855502630517e-05
15,0.0008475938811898232,adam,1568,52.858723640441895,4.584104002038156e-05,0.0,0.18761450690590956,4.584104002038156e-05,0.00018312023871653457,0.0,0.1929714851402702,0.00018312023871653457
16,0.0008291725534945726,adam,1666,53.7042670249939,4.249115120190705e-05,0.0,0.18836267242899873,4.249115120190705e-05,2.9631679064333364e-05,0.0,0.19036379351797666,2.9631679064333364e-05
17,0.0008099319529719651,adam,1764,54.55060386657715,3.0066718284551998e-05,0.0,0.18722267263263925,3.0066718284551998e-05,2.803615921576505e-05,0.0,0.19061879333547044,2.803615921576505e-05
18,0.0007899213815107942,adam,1862,55.404770612716675,3.5677202865414074e-05,0.0,0.1892886390573192,3.5677202865414074e-05,2.8327304574116133e-05,0.0,0.1908734321189733,2.8327304574116133e-05
19,0.0007691924110986292,adam,1960,56.24911904335022,3.4198761751560606e-05,0.0,0.1860713616724707,3.4198761751560606e-05,3.9733978108822106e-05,0.0,0.19117163845960344,3.9733978108822106e-05
20,0.0007477980107069016,adam,2058,57.0918755531311,2.6504260678613192e-05,0.0,0.185719413750204,2.6504260678613192e-05,4.111918384134106e-05,0.0,0.19022606147696744,4.111918384134106e-05
21,0.0007257931865751743,adam,2156,57.91059970855713,2.2809377753716824e-05,0.0,0.1849304647588667,2.2809377753716824e-05,3.3391124525710516e-05,0.0,0.19259596784608174,3.3391124525710516e-05
22,0.0007032343419268727,adam,2254,58.7099826335907,2.4218002527395127e-05,0.0,0.18727385737307936,2.4218002527395127e-05,2.05816699462468e-05,0.0,0.18969959138348805,2.05816699462468e-05
23,0.0006801796262152493,adam,2352,59.52902007102966,2.4883166335669707e-05,0.0,0.18226897488909458,2.4883166335669707e-05,1.869788685482383e-05,0.0,0.1881191129075605,1.869788685482383e-05
24,0.0006566878873854876,adam,2450,60.36582708358765,2.192631234981421e-05,0.0,0.18394852052429608,2.192631234981421e-05,4.5569969540546396e-05,0.0,0.1887198052918803,4.5569969540546396e-05
25,0.0006328197778202593,adam,2548,61.21443963050842,2.225357479897701e-05,0.0,0.18457599972974068,2.225357479897701e-05,1.471893544147145e-05,0.0,0.18586000512734846,1.471893544147145e-05
26,0.0006086362991482019,adam,2646,62.061922550201416,1.3884303071440155e-05,0.0,0.1812410650584058,1.3884303071440155e-05,1.2925573348816142e-05,0.0,0.18667229774877794,1.2925573348816142e-05
27,0.000584199617151171,adam,2744,62.900696992874146,1.8219211521211312e-05,0.0,0.17843444558686636,1.8219211521211312e-05,1.3518204737427371e-05,0.0,0.18626029267764163,1.3518204737427371e-05
28,0.0005595724796876311,adam,2842,63.74739861488342,1.5439865073019643e-05,0.0,0.17860841791988769,1.5439865073019643e-05,1.2596080813113597e-05,0.0,0.18612723499380585,1.2596080813113597e-05
29,0.0005348181002773345,adam,2940,64.62079858779907,1.4245964617131251e-05,0.0,0.1805166684564555,1.4245964617131251e-05,1.3019612427154434e-05,0.0,0.18465390916421237,1.3019612427154434e-05
30,0.0005100000416859984,adam,3038,65.46823716163635,1.1329617398918675e-05,0.0,0.17799534775984946,1.1329617398918675e-05,1.2900024077311271e-05,0.0,0.18344461210661314,1.2900024077311271e-05
31,0.00048518198309466243,adam,3136,66.2897481918335,1.1632064165808724e-05,0.0,0.1769850808173844,1.1632064165808724e-05,1.7871714578684763e-05,0.0,0.18055450178018564,1.7871714578684763e-05
32,0.00046042745816521347,adam,3234,67.11974620819092,1.2492852175688408e-05,0.0,0.1777130352581477,1.2492852175688408e-05,1.2672130347943271e-05,0.0,0.18195663374687815,1.2672130347943271e-05
33,0.000435800408013165,adam,3332,67.96608519554138,1.1222885317872594e-05,0.0,0.17740198895193066,1.1222885317872594e-05,1.2934887086382654e-05,0.0,0.18023759527982774,1.2934887086382654e-05
34,0.000411363726016134,adam,3430,68.81241202354431,9.494744198451306e-06,0.0,0.17637822979436804,9.494744198451306e-06,9.5442687702628e-06,0.0,0.1784031533242929,9.5442687702628e-06
35,0.0003871802764479071,adam,3528,69.69036293029785,9.733502579507945e-06,0.0,0.17273338778505046,9.733502579507945e-06,9.060664794538425e-06,0.0,0.17878808543785285,9.060664794538425e-06
36,0.00036331205046735704,adam,3626,70.54851818084717,9.374081040627375e-06,0.0,0.1742506110455365,9.374081040627375e-06,1.0041877470337328e-05,0.0,0.17655752190104668,1.0041877470337328e-05
37,0.0003398203698452562,adam,3724,71.43689823150635,8.717541554828528e-06,0.0,0.1720539397908681,8.717541554828528e-06,8.515154492780455e-06,0.0,0.174480977440899,8.515154492780455e-06
38,0.0003167656541336328,adam,3822,72.26683282852173,8.13368158876503e-06,0.0,0.17008828685051294,8.13368158876503e-06,8.197157645719408e-06,0.0,0.17297737898729246,8.197157645719408e-06
39,0.00029420689679682255,adam,3920,73.08544158935547,7.547812810321378e-06,0.0,0.16869804341949585,7.547812810321378e-06,9.504375899881693e-06,0.0,0.17075642466443985,9.504375899881693e-06
40,0.00027220204356126487,adam,4018,73.90177011489868,7.586860099975269e-06,0.0,0.16936862727470628,7.586860099975269e-06,8.223627616452633e-06,0.0,0.16909620670476216,8.223627616452633e-06
41,0.00025080761406570673,adam,4116,74.76008033752441,7.276633657493406e-06,0.0,0.1646162894093937,7.276633657493406e-06,8.233904002988404e-06,0.0,0.1680806225912046,8.233904002988404e-06
42,0.00023007855634205043,adam,4214,75.58876013755798,7.02564239464402e-06,0.0,0.16378200866695555,7.02564239464402e-06,7.541488262849671e-06,0.0,0.16564774100206006,7.541488262849671e-06
43,0.0002100680285366252,adam,4312,76.42515254020691,6.838627949115339e-06,0.0,0.16123528965035205,6.838627949115339e-06,6.922567404650393e-06,0.0,0.16398774898175503,6.922567404650393e-06
44,0.0001908274571178481,adam,4410,77.27798652648926,6.612392404452513e-06,0.0,0.15785390617602982,6.612392404452513e-06,6.946760617215561e-06,0.0,0.1613783148681736,6.946760617215561e-06
45,0.00017240617307834327,adam,4508,78.11191582679749,6.449399394620856e-06,0.0,0.15975982033371386,6.449399394620856e-06,6.612686189969475e-06,0.0,0.16060092152345862,6.612686189969475e-06
46,0.00015485148469451815,adam,4606,78.95062780380249,6.200360140791453e-06,0.0,0.158280939317066,6.200360140791453e-06,6.688051557378266e-06,0.0,0.15911453560723873,6.688051557378266e-06
47,0.00013820856111124158,adam,4704,79.75758409500122,6.186300780051892e-06,0.0,0.15423442380133318,6.186300780051892e-06,6.8413725376121025e-06,0.0,0.15652802780084157,6.8413725376121025e-06
48,0.00012251983571331948,adam,4802,80.58212113380432,6.111157137549297e-06,0.0,0.15154094601868273,6.111157137549297e-06,6.336958092271512e-06,0.0,0.15530172255987484,6.336958092271512e-06
49,0.00010782587924040854,adam,4900,81.3826265335083,5.91811069851043e-06,0.0,0.1535707797703079,5.91811069851043e-06,6.273786263215656e-06,0.0,0.15323053481476875,6.273786263215656e-06
50,9.41643156693317e-05,adam,4998,82.20669102668762,5.8787830011622365e-06,0.0,0.14823964552664706,5.8787830011622365e-06,6.1082023627467325e-06,0.0,0.1518656824806979,6.1082023627467325e-06
51,8.157016418408602e-05,adam,5096,83.03841876983643,5.673541488112594e-06,0.0,0.1489223362020338,5.673541488112594e-06,5.964678157965092e-06,0.0,0.15119837554841695,5.964678157965092e-06
52,7.00757373124361e-05,adam,5194,83.90432047843933,5.633797762298267e-06,0.0,0.1489038918876118,5.633797762298267e-06,6.060840104447415e-06,0.0,0.14962182035781996,6.060840104447415e-06
53,5.97106663917657e-05,adam,5292,84.73154401779175,5.534906911662345e-06,0.0,0.1463310375460349,5.534906911662345e-06,5.829519746804293e-06,0.0,0.14889346496022113,5.829519746804293e-06
54,5.050146137364209e-05,adam,5390,85.5683822631836,5.448476848118772e-06,0.0,0.14646349413621054,5.448476848118772e-06,5.820071739195661e-06,0.0,0.14843399962184967,5.820071739195661e-06
55,4.247177639626898e-05,adam,5488,86.39784932136536,5.421831913976204e-06,0.0,0.1411545749128337,5.421831913976204e-06,5.872254541032921e-06,0.0,0.14709868331376227,5.872254541032921e-06
56,3.5642213333630934e-05,adam,5586,87.2140326499939,5.352626621029664e-06,0.0,0.14246356985660152,5.352626621029664e-06,5.761660460911747e-06,0.0,0.14627215073268057,5.761660460911747e-06
57,3.0030310881556943e-05,adam,5684,88.03739356994629,5.307919550378171e-06,0.0,0.14137713677086045,5.307919550378171e-06,5.693998516811483e-06,0.0,0.1458664326099048,5.693998516811483e-06
58,2.5650509996921755e-05,adam,5782,88.86158752441406,5.286884944400679e-06,0.0,0.14029007314877595,5.286884944400679e-06,5.6708629389197205e-06,0.0,0.1451784743192689,5.6708629389197205e-06
59,2.2514017473440617e-05,adam,5880,89.71785306930542,5.2565569622343615e-06,0.0,0.14280299245230965,5.2565569622343615e-06,5.6923138259729785e-06,0.0,0.14464778289126312,5.6923138259729785e-06
60,2.062889871012885e-05,adam,5978,90.54877233505249,5.255470945542522e-06,0.0,0.1395439693514844,5.255470945542522e-06,5.616157815525436e-06,0.0,0.14413800543481892,5.616157815525436e-06
61,2.0000001313746907e-05,adam,6076,91.39060544967651,5.215897451054995e-06,0.0,0.1427751539712857,5.215897451054995e-06,5.643101334635471e-06,0.0,0.14366786958804695,5.643101334635471e-06
63,0.0,lbfgs,6077,93.70435643196106,,,,5.1920372394190785e-06,5.5996884404932175e-06,0.0,0.14415392121213844,5.5996884404932175e-06
64,0.0,lbfgs,6078,94.31583452224731,,,,5.187005569709948e-06,5.59704532633438e-06,0.0,0.14415953491481887,5.59704532633438e-06
65,0.0,lbfgs,6079,94.941171169281,,,,5.182493938072038e-06,5.594068759200974e-06,0.0,0.14417292171860213,5.594068759200974e-06
66,0.0,lbfgs,6080,95.52377557754517,,,,5.177623209336526e-06,5.588256728500492e-06,0.0,0.1441945583735928,5.588256728500492e-06
67,0.0,lbfgs,6081,96.13846802711487,,,,5.1739393870404225e-06,5.581840453626048e-06,0.0,0.14421184898230688,5.581840453626048e-06
68,0.0,lbfgs,6082,96.7605185508728,,,,5.173400504427796e-06,5.569676595413856e-06,0.0,0.14421540668350608,5.569676595413856e-06
69,0.0,lbfgs,6083,97.38008785247803,,,,5.171065668954054e-06,5.571574732793695e-06,0.0,0.14421570699326752,5.571574732793695e-06
70,0.0,lbfgs,6084,98.001131772995,,,,5.17062002704001e-06,5.571642446342131e-06,0.0,0.1442129303690583,5.571642446342131e-06
71,0.0,lbfgs,6085,98.64915299415588,,,,5.169721023771323e-06,5.571328902299929e-06,0.0,0.14420713964760512,5.571328902299929e-06
72,0.0,lbfgs,6086,99.20930457115173,,,,5.16886414384532e-06,5.571502669081838e-06,0.0,0.1442043309935387,5.571502669081838e-06
73,0.0,lbfgs,6087,99.81415057182312,,,,5.1676999795924704e-06,5.571832073139773e-06,0.0,0.14420780012858017,5.571832073139773e-06
74,0.0,lbfgs,6088,100.4093747138977,,,,5.166706585885712e-06,5.572566106003851e-06,0.0,0.14420593556820113,5.572566106003851e-06
75,0.0,lbfgs,6089,100.98598384857178,,,,5.165697109398452e-06,5.572998990283667e-06,0.0,0.14420232659993565,5.572998990283667e-06
76,0.0,lbfgs,6090,101.6149206161499,,,,5.164649353978687e-06,5.5723326110977584e-06,0.0,0.14419271353927093,5.5723326110977584e-06
77,0.0,lbfgs,6091,102.23029112815857,,,,5.16293774310607e-06,5.572644703804491e-06,0.0,0.14415564780447077,5.572644703804491e-06
78,0.0,lbfgs,6092,102.85881304740906,,,,5.160552455087854e-06,5.568631278051861e-06,0.0,0.14407704911830044,5.568631278051861e-06
79,0.0,lbfgs,6093,103.51192045211792,,,,5.157329872165048e-06,5.569054667946581e-06,0.0,0.1439622760887965,5.569054667946581e-06
80,0.0,lbfgs,6094,104.14009380340576,,,,5.150838160410922e-06,5.567123706692108e-06,0.0,0.14369013520190446,5.567123706692108e-06
81,0.0,lbfgs,6095,104.75593996047974,,,,5.143808438435223e-06,5.5657121042524385e-06,0.0,0.14335119186595827,5.5657121042524385e-06
82,0.0,lbfgs,6096,105.35067343711853,,,,5.13060276046339e-06,5.5536612454039955e-06,0.0,0.14280232401169451,5.5536612454039955e-06
83,0.0,lbfgs,6097,105.93558716773987,,,,5.103571652970409e-06,5.542231882884518e-06,0.0,0.14125633867923967,5.542231882884518e-06
84,0.0,lbfgs,6098,106.55620384216309,,,,5.078642221137322e-06,5.5076547884304136e-06,0.0,0.1402983145904143,5.5076547884304136e-06
85,0.0,lbfgs,6099,107.1370153427124,,,,5.0520438115077495e-06,5.478770007823133e-06,0.0,0.13949334109682832,5.478770007823133e-06
86,0.0,lbfgs,6100,107.71495747566223,,,,5.018924168755944e-06,5.445815118284418e-06,0.0,0.1384980302977055,5.445815118284418e-06
87,0.0,lbfgs,6101,108.29990434646606,,,,4.973918169580463e-06,5.408677372941027e-06,0.0,0.1370758988730083,5.408677372941027e-06
88,0.0,lbfgs,6102,108.94475221633911,,,,4.909281362541336e-06,5.356899702448138e-06,0.0,0.1347655294853047,5.356899702448138e-06
89,0.0,lbfgs,6103,109.55620455741882,,,,4.8216669469728225e-06,5.257412455689179e-06,0.0,0.13175354215561283,5.257412455689179e-06
90,0.0,lbfgs,6104,110.1566710472107,,,,4.698874295578794e-06,5.107662750165576e-06,0.0,0.12730248692307555,5.107662750165576e-06
91,0.0,lbfgs,6105,110.75938653945923,,,,4.611141793870015e-06,4.9729593219551895e-06,0.0,0.1251854373749044,4.9729593219551895e-06
92,0.0,lbfgs,6106,111.32575964927673,,,,4.537175405131659e-06,4.870131734851618e-06,0.0,0.12283793925463732,4.870131734851618e-06
93,0.0,lbfgs,6107,111.92476773262024,,,,4.45149411016729e-06,4.743488218770449e-06,0.0,0.12102107303146528,4.743488218770449e-06
94,0.0,lbfgs,6108,112.49771046638489,,,,4.3953930519688886e-06,4.674731153073765e-06,0.0,0.11836401788675928,4.674731153073765e-06
95,0.0,lbfgs,6109,113.09964799880981,,,,4.353021787820685e-06,4.6235670314391955e-06,0.0,0.11824487824534508,4.6235670314391955e-06
96,0.0,lbfgs,6110,113.71435189247131,,,,4.325379623447381e-06,4.610113035906196e-06,0.0,0.11740783033895107,4.610113035906196e-06
97,0.0,lbfgs,6111,114.29076743125916,,,,4.298559088398776e-06,4.596942003899888e-06,0.0,0.11713501441034228,4.596942003899888e-06
98,0.0,lbfgs,6112,114.89406633377075,,,,4.253181444588023e-06,4.558216701693888e-06,0.0,0.11618800614738785,4.558216701693888e-06
99,0.0,lbfgs,6113,115.50633835792542,,,,4.1866057142440396e-06,4.484808801513295e-06,0.0,0.11457222901631837,4.484808801513295e-06
100,0.0,lbfgs,6114,116.12322664260864,,,,4.108138577249715e-06,4.3835339176304286e-06,0.0,0.11264717429304708,4.3835339176304286e-06
101,0.0,lbfgs,6115,116.72847604751587,,,,3.994923434386648e-06,4.221409995130695e-06,0.0,0.10956423993753041,4.221409995130695e-06
102,0.0,lbfgs,6116,117.35309839248657,,,,3.9439449243746956e-06,4.138748392589779e-06,0.0,0.10842818719756188,4.138748392589779e-06
103,0.0,lbfgs,6117,117.96868896484375,,,,3.928486778320029e-06,4.113347271776419e-06,0.0,0.10743690187677507,4.113347271776419e-06
104,0.0,lbfgs,6118,118.60708546638489,,,,3.916192622134514e-06,4.093400968225564e-06,0.0,0.10778744967732659,4.093400968225564e-06
105,0.0,lbfgs,6119,119.22196912765503,,,,3.9023454029358436e-06,4.083213561680878e-06,0.0,0.1071542885105666,4.083213561680878e-06
106,0.0,lbfgs,6120,119.79690146446228,,,,3.868759298793708e-06,4.057704704138557e-06,0.0,0.10550446660537943,4.057704704138557e-06
107,0.0,lbfgs,6121,120.41538381576538,,,,3.8367185162976684e-06,4.023444919731666e-06,0.0,0.10420243278375327,4.023444919731666e-06
108,0.0,lbfgs,6122,121.01297163963318,,,,3.7479013623851643e-06,3.904718147629987e-06,0.0,0.1010106710810478,3.904718147629987e-06
109,0.0,lbfgs,6123,121.63897347450256,,,,3.721167566505117e-06,3.8751965271484285e-06,0.0,0.097913120946988,3.8751965271484285e-06
110,0.0,lbfgs,6124,122.25795364379883,,,,3.6520591510725326e-06,3.7760234154937087e-06,0.0,0.09822392778658093,3.7760234154937087e-06
111,0.0,lbfgs,6125,122.86583828926086,,,,3.6366138090781206e-06,3.751166319888427e-06,0.0,0.097921099631592,3.751166319888427e-06
112,0.0,lbfgs,6126,123.47310495376587,,,,3.6137862000900235e-06,3.7201095782158413e-06,0.0,0.09792091340038452,3.7201095782158413e-06
113,0.0,lbfgs,6127,124.08224487304688,,,,3.5838983599390396e-06,3.6833161804040387e-06,0.0,0.09674696468210146,3.6833161804040387e-06
114,0.0,lbfgs,6128,124.67716097831726,,,,3.5516752059645244e-06,3.6478417374395713e-06,0.0,0.09556814601342216,3.6478417374395713e-06
115,0.0,lbfgs,6129,125.26369619369507,,,,3.5053282022684207e-06,3.5972536768725027e-06,0.0,0.09397632817357131,3.5972536768725027e-06
116,0.0,lbfgs,6130,125.85110068321228,,,,3.4691000604710792e-06,3.560457305026162e-06,0.0,0.09221200424177402,3.560457305026162e-06
117,0.0,lbfgs,6131,126.46867036819458,,,,3.4553184216679685e-06,3.5431837081800877e-06,0.0,0.09224115150830334,3.5431837081800877e-06
118,0.0,lbfgs,6132,127.05824828147888,,,,3.447131208586357e-06,3.533748157392578e-06,0.0,0.09221582470733086,3.533748157392578e-06
119,0.0,lbfgs,6133,127.67923974990845,,,,3.419010636195251e-06,3.509614619372673e-06,0.0,0.09196153427953783,3.509614619372673e-06
120,0.0,lbfgs,6134,128.29779839515686,,,,3.375999019931451e-06,3.483757274349846e-06,0.0,0.08869770076948215,3.483757274349846e-06
121,0.0,lbfgs,6135,129.51146697998047,,,,3.3575310447249234e-06,3.462820494236204e-06,0.0,0.08889586947268716,3.462820494236204e-06
122,0.0,lbfgs,6136,130.12839078903198,,,,3.3486776964687715e-06,3.452101949996432e-06,0.0,0.08943108936194223,3.452101949996432e-06
123,0.0,lbfgs,6137,130.74743485450745,,,,3.344521096115236e-06,3.4448877653725435e-06,0.0,0.08908548021464181,3.4448877653725435e-06
124,0.0,lbfgs,6138,131.32436800003052,,,,3.338755335411575e-06,3.439437275052048e-06,0.0,0.08890809238982485,3.439437275052048e-06
125,0.0,lbfgs,6139,131.92430567741394,,,,3.3117066009473494e-06,3.408911649154929e-06,0.0,0.08828162035799972,3.408911649154929e-06
126,0.0,lbfgs,6140,132.52894759178162,,,,3.2875597701625927e-06,3.37993376366291e-06,0.0,0.08819488525820375,3.37993376366291e-06
127,0.0,lbfgs,6141,133.11207842826843,,,,3.2533711081992267e-06,3.3447560951226667e-06,0.0,0.08800306974410613,3.3447560951226667e-06
128,0.0,lbfgs,6142,133.72455954551697,,,,3.220940870316913e-06,3.313622296466043e-06,0.0,0.08811954473198089,3.313622296466043e-06
129,0.0,lbfgs,6143,134.31405401229858,,,,3.20183720886766e-06,3.293015197928375e-06,0.0,0.08775797546040383,3.293015197928375e-06
130,0.0,lbfgs,6144,134.92507314682007,,,,3.1778901402392223e-06,3.271166328786931e-06,0.0,0.0869285144660561,3.271166328786931e-06
131,0.0,lbfgs,6145,135.52404356002808,,,,3.1681408448009596e-06,3.2498900218658995e-06,0.0,0.08458760663243953,3.2498900218658995e-06
132,0.0,lbfgs,6146,136.1370701789856,,,,3.150876165778121e-06,3.2360114173757534e-06,0.0,0.08462962609349586,3.2360114173757534e-06
133,0.0,lbfgs,6147,136.77329015731812,,,,3.1380671771451225e-06,3.223076858039891e-06,0.0,0.0836812282777618,3.223076858039891e-06
134,0.0,lbfgs,6148,137.3369014263153,,,,3.1324671191593166e-06,3.2155447167422033e-06,0.0,0.08308491046859817,3.2155447167422033e-06
135,0.0,lbfgs,6149,137.905859708786,,,,3.116981539431108e-06,3.195161830817264e-06,0.0,0.08204765799577089,3.195161830817264e-06
136,0.0,lbfgs,6150,138.4632806777954,,,,3.0899985273787765e-06,3.1632016089555975e-06,0.0,0.08037461753181546,3.1632016089555975e-06
137,0.0,lbfgs,6151,139.04489922523499,,,,3.0647525695215687e-06,3.1330575433714214e-06,0.0,0.07944135159193494,3.1330575433714214e-06
138,0.0,lbfgs,6152,139.6497392654419,,,,3.0425315401011033e-06,3.11033250468985e-06,0.0,0.07976227716236596,3.11033250468985e-06
139,0.0,lbfgs,6153,140.24784779548645,,,,3.0244953534214065e-06,3.095808695293756e-06,0.0,0.07947935521080345,3.095808695293756e-06
140,0.0,lbfgs,6154,140.85256099700928,,,,3.004800970285092e-06,3.08620549706011e-06,0.0,0.07991365340451412,3.08620549706011e-06
141,0.0,lbfgs,6155,141.44359707832336,,,,2.9674086726406236e-06,3.0548825312456726e-06,0.0,0.07931917920359703,3.0548825312456726e-06
142,0.0,lbfgs,6156,142.64225554466248,,,,2.9462893743438702e-06,3.0384052946455076e-06,0.0,0.07876131192075567,3.0384052946455076e-06
143,0.0,lbfgs,6157,143.25929713249207,,,,2.9309888928708434e-06,3.0258692188605114e-06,0.0,0.07848586144602027,3.0258692188605114e-06
144,0.0,lbfgs,6158,143.8512659072876,,,,2.923461307111294e-06,3.0202497733848362e-06,0.0,0.0783224409798496,3.0202497733848362e-06
145,0.0,lbfgs,6159,144.49696588516235,,,,2.9086247069786047e-06,3.0102898755429e-06,0.0,0.07793574795405499,3.0102898755429e-06
146,0.0,lbfgs,6160,145.11667227745056,,,,2.8920974596506797e-06,2.9989797722408516e-06,0.0,0.07739087638177193,2.9989797722408516e-06
147,0.0,lbfgs,6161,145.7175691127777,,,,2.864600384670978e-06,2.982365046925292e-06,0.0,0.07638470515654797,2.982365046925292e-06
148,0.0,lbfgs,6162,146.92409777641296,,,,2.8516143603276518e-06,2.9771800132446425e-06,0.0,0.07571791843209245,2.9771800132446425e-06
149,0.0,lbfgs,6163,147.53220105171204,,,,2.828860193319541e-06,2.9531008838104217e-06,0.0,0.07475533664233072,2.9531008838104217e-06
150,0.0,lbfgs,6164,148.1590621471405,,,,2.8117842687575613e-06,2.9400833480865547e-06,0.0,0.07433239451502013,2.9400833480865547e-06
151,0.0,lbfgs,6165,148.78327202796936,,,,2.7978621653825334e-06,2.9210551955014525e-06,0.0,0.07381034731743412,2.9210551955014525e-06
152,0.0,lbfgs,6166,149.39304184913635,,,,2.7856490858212126e-06,2.908622725558532e-06,0.0,0.07319465728154065,2.908622725558532e-06
153,0.0,lbfgs,6167,150.01670789718628,,,,2.7658718551149395e-06,2.8894453670756787e-06,0.0,0.07176893973350071,2.8894453670756787e-06
154,0.0,lbfgs,6168,150.65560221672058,,,,2.7515651251132115e-06,2.874370758136196e-06,0.0,0.07062919797866482,2.874370758136196e-06
155,0.0,lbfgs,6169,151.29478001594543,,,,2.73647224095955e-06,2.861428334951146e-06,0.0,0.06931834870170707,2.861428334951146e-06
156,0.0,lbfgs,6170,151.95207381248474,,,,2.723680199158082e-06,2.844131706688022e-06,0.0,0.06841409483004592,2.844131706688022e-06
157,0.0,lbfgs,6171,152.55442333221436,,,,2.711335205960279e-06,2.8319327389846562e-06,0.0,0.06831914097639034,2.8319327389846562e-06
158,0.0,lbfgs,6172,153.1356325149536,,,,2.6989494451002754e-06,2.8145322200166233e-06,0.0,0.06741691726560602,2.8145322200166233e-06
159,0.0,lbfgs,6173,153.75132012367249,,,,2.6906646372912026e-06,2.804436303763439e-06,0.0,0.06810864183053213,2.804436303763439e-06
160,0.0,lbfgs,6174,154.34607601165771,,,,2.6844217844944118e-06,2.7974924478964723e-06,0.0,0.06791728023943355,2.7974924478964723e-06
161,0.0,lbfgs,6175,154.94807839393616,,,,2.6726017009156992e-06,2.785835918984004e-06,0.0,0.0673347356987289,2.785835918984004e-06
162,0.0,lbfgs,6176,155.56053853034973,,,,2.664181480621914e-06,2.7672016035381212e-06,0.0,0.06620618367948197,2.7672016035381212e-06
163,0.0,lbfgs,6177,156.1867311000824,,,,2.652872240481339e-06,2.7629928573702282e-06,0.0,0.06598942062202434,2.7629928573702282e-06
164,0.0,lbfgs,6178,156.8237373828888,,,,2.6464892684560993e-06,2.758470188620044e-06,0.0,0.06596295191103452,2.758470188620044e-06
165,0.0,lbfgs,6179,157.4573209285736,,,,2.636783167247975e-06,2.749939844392736e-06,0.0,0.06587834909392841,2.749939844392736e-06
166,0.0,lbfgs,6180,158.08390879631042,,,,2.6196293981534057e-06,2.73522598071093e-06,0.0,0.06584069181892124,2.73522598071093e-06
167,0.0,lbfgs,6181,158.6945595741272,,,,2.5991745612861815e-06,2.725771828381364e-06,0.0,0.06548048014437204,2.725771828381364e-06
168,0.0,lbfgs,6182,159.897034406662,,,,2.5926126110327074e-06,2.7186345485937545e-06,0.0,0.06551174112613245,2.7186345485937545e-06
169,0.0,lbfgs,6183,160.5324306488037,,,,2.588819780862489e-06,2.7161864381975476e-06,0.0,0.06544643104831252,2.7161864381975476e-06
170,0.0,lbfgs,6184,161.14732813835144,,,,2.5862864773182024e-06,2.7141750606967443e-06,0.0,0.06540406167874041,2.7141750606967443e-06
171,0.0,lbfgs,6185,161.75606107711792,,,,2.583498216346891e-06,2.7115163537842e-06,0.0,0.0654326117452832,2.7115163537842e-06
172,0.0,lbfgs,6186,162.36990475654602,,,,2.576810708841607e-06,2.7046553138429766e-06,0.0,0.06549878552230244,2.7046553138429766e-06
173,0.0,lbfgs,6187,163.0000557899475,,,,2.5696073146719313e-06,2.696399966391033e-06,0.0,0.06527769225199657,2.696399966391033e-06
174,0.0,lbfgs,6188,164.21179509162903,,,,2.5643820945728764e-06,2.6912752295846863e-06,0.0,0.06529545394628353,2.6912752295846863e-06
175,0.0,lbfgs,6189,164.82561898231506,,,,2.5577992615597982e-06,2.6846217437485513e-06,0.0,0.06489873543133547,2.6846217437485513e-06
176,0.0,lbfgs,6190,165.44042539596558,,,,2.551716929045082e-06,2.679915836426505e-06,0.0,0.06431124398932539,2.679915836426505e-06
177,0.0,lbfgs,6191,166.04886102676392,,,,2.5477895728184387e-06,2.6772812413122047e-06,0.0,0.0638745255656733,2.6772812413122047e-06
178,0.0,lbfgs,6192,166.67522764205933,,,,2.5383399419490333e-06,2.6682815883825655e-06,0.0,0.06306857153558917,2.6682815883825655e-06
179,0.0,lbfgs,6193,167.29489374160767,,,,2.5205107779318454e-06,2.651208789379826e-06,0.0,0.061722515808916814,2.651208789379826e-06
180,0.0,lbfgs,6194,168.479989528656,,,,2.5090479239706078e-06,2.6296488971421393e-06,0.0,0.06048034350429988,2.6296488971421393e-06
181,0.0,lbfgs,6195,169.0886311531067,,,,2.489165024642956e-06,2.6095226478337056e-06,0.0,0.060156924143148986,2.6095226478337056e-06
182,0.0,lbfgs,6196,169.66775274276733,,,,2.4708197427045594e-06,2.588376001498282e-06,0.0,0.059262032827073964,2.588376001498282e-06
183,0.0,lbfgs,6197,170.26348114013672,,,,2.4622846678662196e-06,2.5778676594673636e-06,0.0,0.06015692569440377,2.5778676594673636e-06
184,0.0,lbfgs,6198,170.87325048446655,,,,2.4577860766089e-06,2.573218753034915e-06,0.0,0.06003581101761565,2.573218753034915e-06
185,0.0,lbfgs,6199,171.4962134361267,,,,2.454563613703445e-06,2.5703741717414922e-06,0.0,0.060066761445255926,2.5703741717414922e-06
186,0.0,lbfgs,6200,172.10176157951355,,,,2.4510788927551254e-06,2.5680297862166415e-06,0.0,0.06009438317765461,2.5680297862166415e-06
187,0.0,lbfgs,6201,172.72352933883667,,,,2.4434298074644743e-06,2.5607956143260997e-06,0.0,0.060089830364790334,2.5607956143260997e-06
188,0.0,lbfgs,6202,173.9051809310913,,,,2.4387171631474144e-06,2.5614726241136673e-06,0.0,0.06018388868247287,2.5614726241136673e-06
189,0.0,lbfgs,6203,174.49773478507996,,,,2.4299445697453763e-06,2.551107676404327e-06,0.0,0.060169482154047986,2.551107676404327e-06
190,0.0,lbfgs,6204,175.11602187156677,,,,2.4192818855279524e-06,2.5370388822298655e-06,0.0,0.06014174133367142,2.5370388822298655e-06
191,0.0,lbfgs,6205,175.73097896575928,,,,2.4124331269636106e-06,2.5270608644477474e-06,0.0,0.06011081046227112,2.5270608644477474e-06
192,0.0,lbfgs,6206,176.34181141853333,,,,2.4006049625569474e-06,2.511275529489673e-06,0.0,0.059962592164565655,2.511275529489673e-06
193,0.0,lbfgs,6207,176.9616620540619,,,,2.395636256775787e-06,2.498105780361197e-06,0.0,0.059061797881900746,2.498105780361197e-06
194,0.0,lbfgs,6208,177.5748221874237,,,,2.3847684096900584e-06,2.492281091024967e-06,0.0,0.059281038109283146,2.492281091024967e-06
195,0.0,lbfgs,6209,178.1965548992157,,,,2.3808026017986777e-06,2.491785453039265e-06,0.0,0.05918676846343125,2.491785453039265e-06
196,0.0,lbfgs,6210,178.81791734695435,,,,2.3761972970559483e-06,2.4875975543032093e-06,0.0,0.05912826339312637,2.4875975543032093e-06
197,0.0,lbfgs,6211,179.42475962638855,,,,2.3682273112982e-06,2.479306964837234e-06,0.0,0.05866630000526624,2.479306964837234e-06
198,0.0,lbfgs,6212,180.05280900001526,,,,2.36190199694577e-06,2.4716853291530707e-06,0.0,0.05829983602436318,2.4716853291530707e-06
199,0.0,lbfgs,6213,180.66332840919495,,,,2.348216387594351e-06,2.453363308670719e-06,0.0,0.057475272685656054,2.453363308670719e-06
200,0.0,lbfgs,6214,181.28152799606323,,,,2.3339889087517625e-06,2.431889287237063e-06,0.0,0.05671618515296059,2.431889287237063e-06
201,0.0,lbfgs,6215,181.86428236961365,,,,2.3158705942764025e-06,2.409041903777693e-06,0.0,0.05600650054976612,2.409041903777693e-06
202,0.0,lbfgs,6216,182.44216179847717,,,,2.3004105114895153e-06,2.3909699816607606e-06,0.0,0.055678327398135934,2.3909699816607606e-06
203,0.0,lbfgs,6217,183.0542299747467,,,,2.287846004112547e-06,2.383164931983058e-06,0.0,0.05582516119603385,2.383164931983058e-06
204,0.0,lbfgs,6218,183.67383456230164,,,,2.2751254126635706e-06,2.365472919238262e-06,0.0,0.0553036375157036,2.365472919238262e-06
205,0.0,lbfgs,6219,184.30007100105286,,,,2.2630302098603157e-06,2.3526681410888935e-06,0.0,0.05523741259490726,2.3526681410888935e-06
206,0.0,lbfgs,6220,184.9409704208374,,,,2.2480256739411097e-06,2.3346570092991556e-06,0.0,0.05454516271146585,2.3346570092991556e-06
207,0.0,lbfgs,6221,185.55309462547302,,,,2.240073942533156e-06,2.3258595874973177e-06,0.0,0.05461908701838286,2.3258595874973177e-06
208,0.0,lbfgs,6222,186.15621423721313,,,,2.235212681138569e-06,2.31877216375194e-06,0.0,0.0541772484190728,2.31877216375194e-06
209,0.0,lbfgs,6223,186.71013116836548,,,,2.230121187808268e-06,2.3128315530373153e-06,0.0,0.05436263420513832,2.3128315530373153e-06
210,0.0,lbfgs,6224,187.32511019706726,,,,2.2232214605705043e-06,2.303837383990687e-06,0.0,0.0542355226305785,2.303837383990687e-06
211,0.0,lbfgs,6225,187.8912901878357,,,,2.217447426188667e-06,2.2969747353103856e-06,0.0,0.05468495430560014,2.2969747353103856e-06
212,0.0,lbfgs,6226,188.49156260490417,,,,2.2120975045961606e-06,2.2908004028996935e-06,0.0,0.054702360568727446,2.2908004028996935e-06
213,0.0,lbfgs,6227,189.1025049686432,,,,2.1977016094729793e-06,2.2760592898779773e-06,0.0,0.054568286921443415,2.2760592898779773e-06
214,0.0,lbfgs,6228,189.69191336631775,,,,2.1833054714571652e-06,2.2576382297525476e-06,0.0,0.05400669959694176,2.2576382297525476e-06
215,0.0,lbfgs,6229,190.30217957496643,,,,2.1730877192408627e-06,2.2548128111198077e-06,0.0,0.053328730727685555,2.2548128111198077e-06
216,0.0,lbfgs,6230,190.91304540634155,,,,2.1590362413138368e-06,2.235642486595001e-06,0.0,0.05286731062699985,2.235642486595001e-06
217,0.0,lbfgs,6231,191.54914236068726,,,,2.1503890833203204e-06,2.2263973906753923e-06,0.0,0.05261138184143939,2.2263973906753923e-06
218,0.0,lbfgs,6232,192.14323329925537,,,,2.142913787359492e-06,2.2194603466138825e-06,0.0,0.05227821095034718,2.2194603466138825e-06
219,0.0,lbfgs,6233,192.74683022499084,,,,2.128918373905922e-06,2.2061465730804417e-06,0.0,0.05170373572958354,2.2061465730804417e-06
220,0.0,lbfgs,6234,193.93441796302795,,,,2.1280481459681115e-06,2.206719404490901e-06,0.0,0.05166050447886218,2.206719404490901e-06
221,0.0,lbfgs,6235,194.54190754890442,,,,2.1197161047444697e-06,2.1984308425164e-06,0.0,0.051231168303498616,2.1984308425164e-06
222,0.0,lbfgs,6236,195.16008400917053,,,,2.115437669203012e-06,2.1930864868616406e-06,0.0,0.051003961773254405,2.1930864868616406e-06
223,0.0,lbfgs,6237,195.759033203125,,,,2.109618293635867e-06,2.1858182819136267e-06,0.0,0.05066988653070214,2.1858182819136267e-06
224,0.0,lbfgs,6238,196.3764865398407,,,,2.1049078649434534e-06,2.180868099933736e-06,0.0,0.050450734600737776,2.180868099933736e-06
225,0.0,lbfgs,6239,196.97716617584229,,,,2.093830512986336e-06,2.1699067601294064e-06,0.0,0.0501094346454311,2.1699067601294064e-06
226,0.0,lbfgs,6240,198.15710282325745,,,,2.086336098044632e-06,2.1637004295960595e-06,0.0,0.04943585470029308,2.1637004295960595e-06
227,0.0,lbfgs,6241,198.73487734794617,,,,2.079682458264746e-06,2.1586226396463234e-06,0.0,0.049635852509016316,2.1586226396463234e-06
228,0.0,lbfgs,6242,199.3084077835083,,,,2.0759155557123662e-06,2.1550452042641487e-06,0.0,0.049501264601549536,2.1550452042641487e-06
229,0.0,lbfgs,6243,199.8829905986786,,,,2.0730877707916095e-06,2.1532053179874817e-06,0.0,0.04984148654042646,2.1532053179874817e-06
230,0.0,lbfgs,6244,200.48763060569763,,,,2.068880598899818e-06,2.148926450550997e-06,0.0,0.04992900842341008,2.148926450550997e-06
231,0.0,lbfgs,6245,201.0380208492279,,,,2.0583423225749696e-06,2.1381703318389537e-06,0.0,0.049926911248753154,2.1381703318389537e-06
232,0.0,lbfgs,6246,201.59376978874207,,,,2.049653409939642e-06,2.12531901588597e-06,0.0,0.04970148955117163,2.12531901588597e-06
233,0.0,lbfgs,6247,202.2040934562683,,,,2.0464985722498156e-06,2.1268285431435615e-06,0.0,0.0491066199270451,2.1268285431435615e-06
234,0.0,lbfgs,6248,202.78477430343628,,,,2.041592965125575e-06,2.118671132964122e-06,0.0,0.04905397306110976,2.118671132964122e-06
235,0.0,lbfgs,6249,203.37362933158875,,,,2.038489273651974e-06,2.1139854131476767e-06,0.0,0.04885760752782416,2.1139854131476767e-06
236,0.0,lbfgs,6250,203.96055817604065,,,,2.034751081284278e-06,2.1097503164473345e-06,0.0,0.04856927199959685,2.1097503164473345e-06
237,0.0,lbfgs,6251,204.5740168094635,,,,2.0296537842686453e-06,2.1058984453731568e-06,0.0,0.048324019036236586,2.1058984453731568e-06
238,0.0,lbfgs,6252,205.20005083084106,,,,2.0194394917079212e-06,2.098648817598773e-06,0.0,0.04788385454983644,2.098648817598773e-06
239,0.0,lbfgs,6253,206.40537667274475,,,,2.0166915174559355e-06,2.0997326476395183e-06,0.0,0.0480226721267555,2.0997326476395183e-06
240,0.0,lbfgs,6254,207.01767945289612,,,,2.005317162065012e-06,2.0905460834457012e-06,0.0,0.04738995861073423,2.0905460834457012e-06
241,0.0,lbfgs,6255,207.63055539131165,,,,1.9990677113945216e-06,2.0880024999338217e-06,0.0,0.04706290343990348,2.0880024999338217e-06
242,0.0,lbfgs,6256,208.21921372413635,,,,1.995500874304975e-06,2.083174069585868e-06,0.0,0.047185206261003976,2.083174069585868e-06
243,0.0,lbfgs,6257,208.8176567554474,,,,1.991174352252519e-06,2.0768012752332443e-06,0.0,0.0471085870949547,2.0768012752332443e-06
244,0.0,lbfgs,6258,209.43205904960632,,,,1.985640773853323e-06,2.0683176543877933e-06,0.0,0.04680362858205383,2.0683176543877933e-06
245,0.0,lbfgs,6259,210.050799369812,,,,1.9774492510198603e-06,2.0573545213852264e-06,0.0,0.04636652760226107,2.0573545213852264e-06
246,0.0,lbfgs,6260,210.6709020137787,,,,1.9694783682207896e-06,2.049017725027224e-06,0.0,0.04576117657978709,2.049017725027224e-06
247,0.0,lbfgs,6261,211.27978563308716,,,,1.963743801812739e-06,2.0402657079713536e-06,0.0,0.04529730656505399,2.0402657079713536e-06
248,0.0,lbfgs,6262,211.89394688606262,,,,1.9534885714224134e-06,2.035648389504682e-06,0.0,0.04563407200384491,2.035648389504682e-06
249,0.0,lbfgs,6263,212.50565695762634,,,,1.9479810049439347e-06,2.033893015031674e-06,0.0,0.045796916678241616,2.033893015031674e-06
250,0.0,lbfgs,6264,213.14281558990479,,,,1.9425772893222583e-06,2.0322098512565613e-06,0.0,0.04613916625711,2.0322098512565613e-06
251,0.0,lbfgs,6265,213.75643038749695,,,,1.9320353133633682e-06,2.0222677698614274e-06,0.0,0.04544591840201644,2.0222677698614274e-06
252,0.0,lbfgs,6266,214.374116897583,,,,1.9195897412162e-06,2.0085364493181044e-06,0.0,0.04462402922940377,2.0085364493181044e-06
253,0.0,lbfgs,6267,214.98556089401245,,,,1.9104464978173567e-06,1.9985283775914542e-06,0.0,0.04382269553965752,1.9985283775914542e-06
254,0.0,lbfgs,6268,215.60373878479004,,,,1.8953550994917132e-06,1.9775868466179205e-06,0.0,0.04267620307477398,1.9775868466179205e-06
255,0.0,lbfgs,6269,216.23816418647766,,,,1.886537030982081e-06,1.9674572711218113e-06,0.0,0.04224175189019459,1.9674572711218113e-06
256,0.0,lbfgs,6270,216.84168982505798,,,,1.8744679379367435e-06,1.9549625477730015e-06,0.0,0.04184926971203289,1.9549625477730015e-06
257,0.0,lbfgs,6271,217.43022990226746,,,,1.864711401025535e-06,1.945521999248805e-06,0.0,0.04188463961506765,1.945521999248805e-06
258,0.0,lbfgs,6272,218.07101702690125,,,,1.858938975197496e-06,1.941383257371542e-06,0.0,0.041993539966589354,1.941383257371542e-06
259,0.0,lbfgs,6273,218.69231748580933,,,,1.8509173589155143e-06,1.9311392227605985e-06,0.0,0.042121946704573414,1.9311392227605985e-06
260,0.0,lbfgs,6274,219.31508588790894,,,,1.8439575181969929e-06,1.9225800591733277e-06,0.0,0.0418691339594657,1.9225800591733277e-06
261,0.0,lbfgs,6275,219.93674635887146,,,,1.8374362277581913e-06,1.9124400099462975e-06,0.0,0.041533317607821495,1.9124400099462975e-06
262,0.0,lbfgs,6276,220.54330801963806,,,,1.8316967279705592e-06,1.9034007829276632e-06,0.0,0.041316599661199806,1.9034007829276632e-06
263,0.0,lbfgs,6277,221.16404128074646,,,,1.8273187949686837e-06,1.8952797849849793e-06,0.0,0.04103893689829499,1.8952797849849793e-06
264,0.0,lbfgs,6278,221.7842824459076,,,,1.8230669876624485e-06,1.891021781533664e-06,0.0,0.04112725399232045,1.891021781533664e-06
265,0.0,lbfgs,6279,222.42831182479858,,,,1.8188757544402951e-06,1.886603168988213e-06,0.0,0.041637172683226156,1.886603168988213e-06
266,0.0,lbfgs,6280,223.04528498649597,,,,1.8158351029099115e-06,1.8812703273175073e-06,0.0,0.0419666414361413,1.8812703273175073e-06
267,0.0,lbfgs,6281,223.65192127227783,,,,1.808397455054525e-06,1.8770261041397878e-06,0.0,0.0421974110668782,1.8770261041397878e-06
268,0.0,lbfgs,6282,224.27947854995728,,,,1.803211272641354e-06,1.8712378822336604e-06,0.0,0.042180460515975585,1.8712378822336604e-06
269,0.0,lbfgs,6283,224.89105343818665,,,,1.7966032937963633e-06,1.8637301956887515e-06,0.0,0.04200037123936306,1.8637301956887515e-06
270,0.0,lbfgs,6284,225.48684334754944,,,,1.7872175845699495e-06,1.8539727765023196e-06,0.0,0.04138435313501829,1.8539727765023196e-06
271,0.0,lbfgs,6285,226.63489079475403,,,,1.7853624120030787e-06,1.8504180599810718e-06,0.0,0.04127116351877892,1.8504180599810718e-06
272,0.0,lbfgs,6286,227.22787642478943,,,,1.7800969724458527e-06,1.8462730896085672e-06,0.0,0.040830729775525626,1.8462730896085672e-06
273,0.0,lbfgs,6287,227.8142113685608,,,,1.7753950282758862e-06,1.842710513127906e-06,0.0,0.0405547824207946,1.842710513127906e-06
274,0.0,lbfgs,6288,228.42414259910583,,,,1.7702668587220338e-06,1.8395648456718716e-06,0.0,0.04026160405382115,1.8395648456718716e-06
275,0.0,lbfgs,6289,229.04831290245056,,,,1.763661571405534e-06,1.8360924954645375e-06,0.0,0.04001389793576746,1.8360924954645375e-06
276,0.0,lbfgs,6290,229.65979957580566,,,,1.7521096772229638e-06,1.828490516072253e-06,0.0,0.039586806538504826,1.828490516072253e-06
277,0.0,lbfgs,6291,230.84047961235046,,,,1.7465440917051194e-06,1.8216567580684175e-06,0.0,0.03941618074185563,1.8216567580684175e-06
278,0.0,lbfgs,6292,231.46631836891174,,,,1.7373371797336357e-06,1.8161631392096325e-06,0.0,0.039088202176107485,1.8161631392096325e-06
279,0.0,lbfgs,6293,232.09560751914978,,,,1.7302026276230464e-06,1.8055122482561572e-06,0.0,0.03886660677547951,1.8055122482561572e-06
280,0.0,lbfgs,6294,232.73636531829834,,,,1.7273073595089373e-06,1.801046436059962e-06,0.0,0.03901814418697843,1.801046436059962e-06
281,0.0,lbfgs,6295,233.35173535346985,,,,1.7203928496564953e-06,1.793192404990434e-06,0.0,0.03910605706610417,1.793192404990434e-06
282,0.0,lbfgs,6296,233.96821236610413,,,,1.711715526497511e-06,1.7839332076597928e-06,0.0,0.038878979450233574,1.7839332076597928e-06
283,0.0,lbfgs,6297,234.58107042312622,,,,1.7008727556300687e-06,1.7763365614952364e-06,0.0,0.038571755046805586,1.7763365614952364e-06
284,0.0,lbfgs,6298,235.15356826782227,,,,1.6944071358456e-06,1.7748244065432522e-06,0.0,0.03813005247893366,1.7748244065432522e-06
285,0.0,lbfgs,6299,235.76824688911438,,,,1.6883831936763439e-06,1.769994551260071e-06,0.0,0.03792726848651867,1.769994551260071e-06
286,0.0,lbfgs,6300,236.39113664627075,,,,1.686145618999455e-06,1.7689026133186794e-06,0.0,0.03799152856774036,1.7689026133186794e-06
287,0.0,lbfgs,6301,237.01290082931519,,,,1.6811709491979976e-06,1.7675726314188986e-06,0.0,0.03791063742205381,1.7675726314188986e-06
288,0.0,lbfgs,6302,237.63637256622314,,,,1.6730860831611865e-06,1.7657502938271115e-06,0.0,0.03781598950836021,1.7657502938271115e-06
289,0.0,lbfgs,6303,238.8495466709137,,,,1.6706106270986226e-06,1.7683947636070046e-06,0.0,0.037713078017129066,1.7683947636070046e-06
290,0.0,lbfgs,6304,239.46789836883545,,,,1.6645759558159077e-06,1.7659622290833673e-06,0.0,0.03755634923512645,1.7659622290833673e-06
291,0.0,lbfgs,6305,240.08140659332275,,,,1.6545506247845088e-06,1.7579106369393216e-06,0.0,0.03738714178770492,1.7579106369393216e-06
292,0.0,lbfgs,6306,241.3122112751007,,,,1.6523697593039357e-06,1.7536937872694406e-06,0.0,0.03724860002422574,1.7536937872694406e-06
293,0.0,lbfgs,6307,241.93294548988342,,,,1.6489445926207e-06,1.7492577920845183e-06,0.0,0.037171647044483704,1.7492577920845183e-06
294,0.0,lbfgs,6308,242.56490516662598,,,,1.6437706374190485e-06,1.7434544189246243e-06,0.0,0.0370269756580975,1.7434544189246243e-06
295,0.0,lbfgs,6309,243.1812252998352,,,,1.6384379509037955e-06,1.7367447209663632e-06,0.0,0.03690731950657435,1.7367447209663632e-06
296,0.0,lbfgs,6310,243.78937101364136,,,,1.627234528276216e-06,1.725105031899387e-06,0.0,0.03656485302973107,1.725105031899387e-06
297,0.0,lbfgs,6311,244.3725881576538,,,,1.61419349406841e-06,1.7132640237412974e-06,0.0,0.03629623034741324,1.7132640237412974e-06
298,0.0,lbfgs,6312,244.97423243522644,,,,1.6055396081822533e-06,1.706112786274115e-06,0.0,0.03613145966855461,1.706112786274115e-06
299,0.0,lbfgs,6313,245.58215475082397,,,,1.6024952607651993e-06,1.7031664742264835e-06,0.0,0.03616429819884121,1.7031664742264835e-06
300,0.0,lbfgs,6314,246.17295336723328,,,,1.5964190261565015e-06,1.6967026687472338e-06,0.0,0.036108876708139885,1.6967026687472338e-06
301,0.0,lbfgs,6315,246.73489451408386,,,,1.5938096564279598e-06,1.6934551791360637e-06,0.0,0.036026120252232924,1.6934551791360637e-06
302,0.0,lbfgs,6316,247.3481047153473,,,,1.5893109815866075e-06,1.6881019244818747e-06,0.0,0.03599198343636119,1.6881019244818747e-06
303,0.0,lbfgs,6317,247.958801984787,,,,1.585701014124806e-06,1.6846621656889285e-06,0.0,0.035746021315021026,1.6846621656889285e-06
304,0.0,lbfgs,6318,248.54111242294312,,,,1.5832545273125743e-06,1.682752707472299e-06,0.0,0.035830987974451944,1.682752707472299e-06
305,0.0,lbfgs,6319,249.15465831756592,,,,1.5808847068588113e-06,1.680613613049036e-06,0.0,0.03578629838536304,1.680613613049036e-06
306,0.0,lbfgs,6320,249.76015043258667,,,,1.5764106344472845e-06,1.6771606955145567e-06,0.0,0.03569623959617759,1.6771606955145567e-06
307,0.0,lbfgs,6321,250.3789665699005,,,,1.571335095311807e-06,1.670981827867313e-06,0.0,0.03549921689492216,1.670981827867313e-06
308,0.0,lbfgs,6322,251.01697969436646,,,,1.5700277320360502e-06,1.6749789204784061e-06,0.0,0.03528530183576189,1.6749789204784061e-06
309,0.0,lbfgs,6323,251.63498735427856,,,,1.5610669821103812e-06,1.6608851651489488e-06,0.0,0.03516269790170446,1.6608851651489488e-06
310,0.0,lbfgs,6324,252.23598670959473,,,,1.5568668210204216e-06,1.6543158518565119e-06,0.0,0.03508216795169912,1.6543158518565119e-06
311,0.0,lbfgs,6325,252.82118892669678,,,,1.551718755263679e-06,1.6473168782396617e-06,0.0,0.03491427827061887,1.6473168782396617e-06
312,0.0,lbfgs,6326,253.4367401599884,,,,1.5469171378999733e-06,1.6412036483838956e-06,0.0,0.03490710737748863,1.6412036483838956e-06
313,0.0,lbfgs,6327,254.03905582427979,,,,1.540036001744558e-06,1.6361770563700038e-06,0.0,0.03471961759753405,1.6361770563700038e-06
314,0.0,lbfgs,6328,254.6219551563263,,,,1.533503030630388e-06,1.6300473152658987e-06,0.0,0.03478380188077199,1.6300473152658987e-06
315,0.0,lbfgs,6329,255.2507872581482,,,,1.5285129239423625e-06,1.6277582071510514e-06,0.0,0.03489080658931289,1.6277582071510514e-06
316,0.0,lbfgs,6330,255.88835310935974,,,,1.5223898779924256e-06,1.624721713470485e-06,0.0,0.034905761344483976,1.624721713470485e-06
317,0.0,lbfgs,6331,256.5014708042145,,,,1.5175474023131363e-06,1.621109074706117e-06,0.0,0.03498537938840049,1.621109074706117e-06
318,0.0,lbfgs,6332,257.12694549560547,,,,1.5142123308539508e-06,1.6176443711661882e-06,0.0,0.03496453443567971,1.6176443711661882e-06
319,0.0,lbfgs,6333,257.7435803413391,,,,1.5104305970179735e-06,1.6114709493895874e-06,0.0,0.03501279865236886,1.6114709493895874e-06
320,0.0,lbfgs,6334,258.3369927406311,,,,1.5072197690611223e-06,1.6078511325877454e-06,0.0,0.03499285410045117,1.6078511325877454e-06
321,0.0,lbfgs,6335,258.95504331588745,,,,1.504773465940131e-06,1.6044340672466493e-06,0.0,0.03498248135080169,1.6044340672466493e-06
322,0.0,lbfgs,6336,259.5600836277008,,,,1.5034707705742984e-06,1.603184889603252e-06,0.0,0.03494257093749076,1.603184889603252e-06
323,0.0,lbfgs,6337,260.18199396133423,,,,1.498902144760464e-06,1.5960661644882939e-06,0.0,0.03492322709098289,1.5960661644882939e-06
324,0.0,lbfgs,6338,260.8203675746918,,,,1.4970492549041087e-06,1.5935602533463478e-06,0.0,0.034907845913224544,1.5935602533463478e-06
325,0.0,lbfgs,6339,261.4165680408478,,,,1.4933810483992026e-06,1.5876074951454517e-06,0.0,0.03484263504849502,1.5876074951454517e-06
326,0.0,lbfgs,6340,262.02172017097473,,,,1.4903127346030948e-06,1.5827407912364484e-06,0.0,0.03480107447495056,1.5827407912364484e-06
327,0.0,lbfgs,6341,263.1689076423645,,,,1.4870910408938559e-06,1.5756110797937155e-06,0.0,0.03476577381823354,1.5756110797937155e-06
328,0.0,lbfgs,6342,263.78405141830444,,,,1.4801981888871245e-06,1.564731191931545e-06,0.0,0.03468977685893204,1.564731191931545e-06
329,0.0,lbfgs,6343,264.3989658355713,,,,1.477970715559454e-06,1.5601862166425218e-06,0.0,0.03487224703367378,1.5601862166425218e-06
330,0.0,lbfgs,6344,265.01237654685974,,,,1.475105087992839e-06,1.5555596617527862e-06,0.0,0.034829199355380855,1.5555596617527862e-06
331,0.0,lbfgs,6345,265.60418367385864,,,,1.4729645786653395e-06,1.5543266372326305e-06,0.0,0.03480735004908115,1.5543266372326305e-06
332,0.0,lbfgs,6346,266.2227900028229,,,,1.4706188691306812e-06,1.5522648767115534e-06,0.0,0.034773960096401636,1.5522648767115534e-06
333,0.0,lbfgs,6347,266.8412137031555,,,,1.4671173611203709e-06,1.548230590997757e-06,0.0,0.03470212371688527,1.548230590997757e-06
334,0.0,lbfgs,6348,267.43324732780457,,,,1.4619997582723977e-06,1.5415462122857467e-06,0.0,0.03457822567291719,1.5415462122857467e-06
335,0.0,lbfgs,6349,268.0247128009796,,,,1.4531438417004317e-06,1.525898209856693e-06,0.0,0.034414173168492254,1.525898209856693e-06
336,0.0,lbfgs,6350,269.2433042526245,,,,1.4513313289093283e-06,1.5215646713989225e-06,0.0,0.03431553791971881,1.5215646713989225e-06
337,0.0,lbfgs,6351,269.85515546798706,,,,1.447914255804644e-06,1.5165368913419835e-06,0.0,0.03424746561674881,1.5165368913419835e-06
338,0.0,lbfgs,6352,270.4801082611084,,,,1.4461004667620514e-06,1.5135738211793967e-06,0.0,0.03424521221450237,1.5135738211793967e-06
339,0.0,lbfgs,6353,271.0692162513733,,,,1.4453372439888723e-06,1.512727191941573e-06,0.0,0.034248503277492764,1.512727191941573e-06
340,0.0,lbfgs,6354,271.6498861312866,,,,1.4434421340967288e-06,1.5105374277527829e-06,0.0,0.03429083722901646,1.5105374277527829e-06
341,0.0,lbfgs,6355,272.22534108161926,,,,1.4403643996475185e-06,1.5082966380894659e-06,0.0,0.03433304240107546,1.5082966380894659e-06
342,0.0,lbfgs,6356,272.83329796791077,,,,1.437288676300171e-06,1.504546111419168e-06,0.0,0.03433461474906917,1.504546111419168e-06
343,0.0,lbfgs,6357,273.42233395576477,,,,1.4348312586741483e-06,1.503023541548872e-06,0.0,0.034335023699330156,1.503023541548872e-06
344,0.0,lbfgs,6358,274.0307426452637,,,,1.432119611552216e-06,1.4973322542269868e-06,0.0,0.034201274408761605,1.4973322542269868e-06
345,0.0,lbfgs,6359,274.6476037502289,,,,1.4280489459146394e-06,1.4935121583155238e-06,0.0,0.03405849420766388,1.4935121583155238e-06
346,0.0,lbfgs,6360,275.24946331977844,,,,1.4243807474073972e-06,1.4882406999574805e-06,0.0,0.033877860887992335,1.4882406999574805e-06
347,0.0,lbfgs,6361,275.8402066230774,,,,1.4188316352166922e-06,1.4814109763907457e-06,0.0,0.033686911278940315,1.4814109763907457e-06
348,0.0,lbfgs,6362,276.4455351829529,,,,1.414340403735788e-06,1.4741973159421718e-06,0.0,0.03354962799915654,1.4741973159421718e-06
349,0.0,lbfgs,6363,277.05306911468506,,,,1.409342347760789e-06,1.4676630404729744e-06,0.0,0.033468250488928104,1.4676630404729744e-06
350,0.0,lbfgs,6364,277.616091966629,,,,1.4051439496913229e-06,1.461714568727248e-06,0.0,0.033422742612887135,1.461714568727248e-06
351,0.0,lbfgs,6365,278.2042806148529,,,,1.4026544604935796e-06,1.4593217977375115e-06,0.0,0.03339539707724389,1.4593217977375115e-06
352,0.0,lbfgs,6366,278.77468276023865,,,,1.3994556545281163e-06,1.4563856818921734e-06,0.0,0.033347693823043395,1.4563856818921734e-06
353,0.0,lbfgs,6367,279.3743722438812,,,,1.3962217717045806e-06,1.4532513198219352e-06,0.0,0.03328268702415251,1.4532513198219352e-06
354,0.0,lbfgs,6368,279.9724600315094,,,,1.3929454578263286e-06,1.4497283751993394e-06,0.0,0.03325668919207779,1.4497283751993394e-06
355,0.0,lbfgs,6369,280.5479784011841,,,,1.3903785303927962e-06,1.4475640769432536e-06,0.0,0.03325708184086109,1.4475640769432536e-06
356,0.0,lbfgs,6370,281.17112374305725,,,,1.388021874337389e-06,1.444488478895315e-06,0.0,0.03327069678613917,1.444488478895315e-06
357,0.0,lbfgs,6371,281.7945280075073,,,,1.3846419198732187e-06,1.438947917510544e-06,0.0,0.03331286476087591,1.438947917510544e-06
358,0.0,lbfgs,6372,282.403804063797,,,,1.3808102321929882e-06,1.4344413341020685e-06,0.0,0.03334599406888891,1.4344413341020685e-06
359,0.0,lbfgs,6373,283.0207004547119,,,,1.378348722314514e-06,1.4278899182802203e-06,0.0,0.03342053563931856,1.4278899182802203e-06
360,0.0,lbfgs,6374,283.601881980896,,,,1.3735280681331964e-06,1.4262864784375212e-06,0.0,0.033435432955401474,1.4262864784375212e-06
361,0.0,lbfgs,6375,284.198228597641,,,,1.371151460107007e-06,1.4256770041530847e-06,0.0,0.03344641689019648,1.4256770041530847e-06
362,0.0,lbfgs,6376,284.7909128665924,,,,1.3680698463858842e-06,1.4247343200696895e-06,0.0,0.03347088237703188,1.4247343200696895e-06
363,0.0,lbfgs,6377,285.382447719574,,,,1.3638740436048069e-06,1.4209614449726286e-06,0.0,0.0335588163131458,1.4209614449726286e-06
364,0.0,lbfgs,6378,285.99970984458923,,,,1.3614308851873674e-06,1.4196946359140852e-06,0.0,0.033621519501239004,1.4196946359140852e-06
365,0.0,lbfgs,6379,286.62784790992737,,,,1.3596192460018694e-06,1.4149045935540009e-06,0.0,0.033644546267556766,1.4149045935540009e-06
366,0.0,lbfgs,6380,287.2489650249481,,,,1.3570640481644838e-06,1.4126262749163148e-06,0.0,0.03360614418113106,1.4126262749163148e-06
367,0.0,lbfgs,6381,287.8681333065033,,,,1.35529412780802e-06,1.4107003672122064e-06,0.0,0.033604394180875415,1.4107003672122064e-06
368,0.0,lbfgs,6382,288.47487139701843,,,,1.35234401760061e-06,1.4072456500457407e-06,0.0,0.033629772594446064,1.4072456500457407e-06
369,0.0,lbfgs,6383,289.0881745815277,,,,1.3490201955782154e-06,1.4034958396398462e-06,0.0,0.033671440080233886,1.4034958396398462e-06
370,0.0,lbfgs,6384,289.70174622535706,,,,1.3427623283873342e-06,1.3965672297086457e-06,0.0,0.033714045460168804,1.3965672297086457e-06
371,0.0,lbfgs,6385,290.305312871933,,,,1.3408279480087504e-06,1.3965656971274603e-06,0.0,0.03388190669327401,1.3965656971274603e-06
372,0.0,lbfgs,6386,290.89526104927063,,,,1.3336192914282025e-06,1.38895239602788e-06,0.0,0.033771068025746954,1.38895239602788e-06
373,0.0,lbfgs,6387,291.4941201210022,,,,1.3304334517458317e-06,1.3855798120033284e-06,0.0,0.03368503317870141,1.3855798120033284e-06
374,0.0,lbfgs,6388,292.0997350215912,,,,1.327829453340456e-06,1.3828427537776509e-06,0.0,0.03359387851125303,1.3828427537776509e-06
375,0.0,lbfgs,6389,293.2673740386963,,,,1.326900670332635e-06,1.3822396031055577e-06,0.0,0.033501396047370464,1.3822396031055577e-06
376,0.0,lbfgs,6390,293.8886706829071,,,,1.325241196846205e-06,1.3807465302162617e-06,0.0,0.03344721078337818,1.3807465302162617e-06
377,0.0,lbfgs,6391,294.5062208175659,,,,1.32302521512038e-06,1.3784084327971231e-06,0.0,0.03340866914963264,1.3784084327971231e-06
378,0.0,lbfgs,6392,295.12174344062805,,,,1.318772782050076e-06,1.3735648321443767e-06,0.0,0.0332974476748191,1.3735648321443767e-06
379,0.0,lbfgs,6393,295.728634595871,,,,1.3146810998524968e-06,1.3689243040763115e-06,0.0,0.03321455058623319,1.3689243040763115e-06
380,0.0,lbfgs,6394,296.2977442741394,,,,1.3116786288262724e-06,1.3646798875535818e-06,0.0,0.033030312457760745,1.3646798875535818e-06
381,0.0,lbfgs,6395,296.93863677978516,,,,1.3100627775578355e-06,1.3629605310526297e-06,0.0,0.033029862543662504,1.3629605310526297e-06
382,0.0,lbfgs,6396,297.53871965408325,,,,1.3082730028214118e-06,1.3600207517542404e-06,0.0,0.03297758439270578,1.3600207517542404e-06
383,0.0,lbfgs,6397,298.13113021850586,,,,1.3061142311960986e-06,1.35616657756473e-06,0.0,0.03293745386124676,1.35616657756473e-06
384,0.0,lbfgs,6398,298.70584440231323,,,,1.3046838161714216e-06,1.3537753595555051e-06,0.0,0.03292365730746987,1.3537753595555051e-06
385,0.0,lbfgs,6399,299.32153820991516,,,,1.3027429235428895e-06,1.3511455399444623e-06,0.0,0.032878111785429015,1.3511455399444623e-06
386,0.0,lbfgs,6400,300.5225794315338,,,,1.3015997123479827e-06,1.3496816549510883e-06,0.0,0.032982743607000445,1.3496816549510883e-06
387,0.0,lbfgs,6401,301.1290502548218,,,,1.298577536451836e-06,1.3459151624606252e-06,0.0,0.03288778905536643,1.3459151624606252e-06
388,0.0,lbfgs,6402,302.3043670654297,,,,1.2970506752587662e-06,1.3454370288383059e-06,0.0,0.03297704062625622,1.3454370288383059e-06
389,0.0,lbfgs,6403,302.9308822154999,,,,1.292570521800611e-06,1.3403728535571315e-06,0.0,0.03290099529475398,1.3403728535571315e-06
390,0.0,lbfgs,6404,303.55716919898987,,,,1.2889798611625835e-06,1.3357071203156394e-06,0.0,0.03290626516650195,1.3357071203156394e-06
391,0.0,lbfgs,6405,304.18174743652344,,,,1.2872671371674813e-06,1.3346297743661168e-06,0.0,0.032970553790115154,1.3346297743661168e-06
392,0.0,lbfgs,6406,304.8013174533844,,,,1.2836185284921458e-06,1.3290616777366037e-06,0.0,0.033012350468271,1.3290616777366037e-06
393,0.0,lbfgs,6407,305.40344405174255,,,,1.2812767729904292e-06,1.3252301478849432e-06,0.0,0.033036193209704384,1.3252301478849432e-06
394,0.0,lbfgs,6408,306.0227644443512,,,,1.2785406322728932e-06,1.3208032845080436e-06,0.0,0.03304314789395207,1.3208032845080436e-06
395,0.0,lbfgs,6409,306.6286373138428,,,,1.2746054683187148e-06,1.313638001728601e-06,0.0,0.03298491755688161,1.313638001728601e-06
396,0.0,lbfgs,6410,307.7695586681366,,,,1.2721185654871149e-06,1.3123383481063002e-06,0.0,0.033026559912279096,1.3123383481063002e-06
397,0.0,lbfgs,6411,308.3661437034607,,,,1.2691297578208991e-06,1.3072689425447584e-06,0.0,0.032944677739061776,1.3072689425447584e-06
398,0.0,lbfgs,6412,308.9754869937897,,,,1.266888699513021e-06,1.3044342482792076e-06,0.0,0.03290473164591721,1.3044342482792076e-06
399,0.0,lbfgs,6413,309.58146047592163,,,,1.2647582269433482e-06,1.3024767893497886e-06,0.0,0.03290272569485658,1.3024767893497886e-06
400,0.0,lbfgs,6414,310.1968274116516,,,,1.2608938956199807e-06,1.2994558625198305e-06,0.0,0.0329653737807338,1.2994558625198305e-06
401,0.0,lbfgs,6415,310.80860114097595,,,,1.257053997126942e-06,1.297364840762824e-06,0.0,0.032940706976125764,1.297364840762824e-06
402,0.0,lbfgs,6416,311.4142150878906,,,,1.252918845954189e-06,1.293925042489476e-06,0.0,0.0330120936654293,1.293925042489476e-06
403,0.0,lbfgs,6417,312.01799964904785,,,,1.248776314714905e-06,1.2903638494236143e-06,0.0,0.032981792372099784,1.2903638494236143e-06
404,0.0,lbfgs,6418,312.6317069530487,,,,1.2433836842320226e-06,1.2856216538376725e-06,0.0,0.032932062229572026,1.2856216538376725e-06
405,0.0,lbfgs,6419,313.25681614875793,,,,1.2391165957303966e-06,1.2814059573464693e-06,0.0,0.032849266935511774,1.2814059573464693e-06
406,0.0,lbfgs,6420,313.875586271286,,,,1.2381489430856425e-06,1.2803088307839992e-06,0.0,0.0327799386927856,1.2803088307839992e-06
407,0.0,lbfgs,6421,314.4910500049591,,,,1.2358792549428794e-06,1.2772092972309969e-06,0.0,0.032775920223389064,1.2772092972309969e-06
408,0.0,lbfgs,6422,315.0959882736206,,,,1.2348345834031966e-06,1.2754333084857344e-06,0.0,0.0327821513175643,1.2754333084857344e-06
409,0.0,lbfgs,6423,315.6587088108063,,,,1.2330882016647472e-06,1.272454939976696e-06,0.0,0.03278020834182688,1.272454939976696e-06
410,0.0,lbfgs,6424,316.23646545410156,,,,1.2310175895634363e-06,1.2697402112288212e-06,0.0,0.032767463681100395,1.2697402112288212e-06
411,0.0,lbfgs,6425,316.8487775325775,,,,1.2262084233634338e-06,1.264685146857252e-06,0.0,0.03267340050854049,1.264685146857252e-06
412,0.0,lbfgs,6426,318.0660283565521,,,,1.223607154606782e-06,1.2616883808466936e-06,0.0,0.03254418273474463,1.2616883808466936e-06
413,0.0,lbfgs,6427,318.6833875179291,,,,1.2202634134472748e-06,1.2592103353270628e-06,0.0,0.03247777172133421,1.2592103353270628e-06
414,0.0,lbfgs,6428,319.2890429496765,,,,1.2174247147346292e-06,1.2572734147604972e-06,0.0,0.03243680039818615,1.2572734147604972e-06
415,0.0,lbfgs,6429,319.90091037750244,,,,1.2146889124272316e-06,1.2547759823457887e-06,0.0,0.03243478985302857,1.2547759823457887e-06
416,0.0,lbfgs,6430,320.5147590637207,,,,1.21039142143707e-06,1.249798404001208e-06,0.0,0.03242998572068797,1.249798404001208e-06
417,0.0,lbfgs,6431,321.13569021224976,,,,1.208561291214624e-06,1.2439188006856442e-06,0.0,0.03256564011079178,1.2439188006856442e-06
418,0.0,lbfgs,6432,321.7685570716858,,,,1.2036714685590153e-06,1.2389746671070068e-06,0.0,0.03246950689968328,1.2389746671070068e-06
419,0.0,lbfgs,6433,322.39685320854187,,,,1.2017720346724684e-06,1.2366616623893916e-06,0.0,0.03245274388902555,1.2366616623893916e-06
420,0.0,lbfgs,6434,323.0276985168457,,,,1.1987914080421556e-06,1.2326478626876227e-06,0.0,0.03241434041281562,1.2326478626876227e-06
421,0.0,lbfgs,6435,323.6417157649994,,,,1.1944959392506253e-06,1.2290299911539796e-06,0.0,0.03249541998185117,1.2290299911539796e-06
422,0.0,lbfgs,6436,324.2551534175873,,,,1.1913670113030864e-06,1.2232967718140783e-06,0.0,0.03245982797113947,1.2232967718140783e-06
423,0.0,lbfgs,6437,324.8780105113983,,,,1.1880973271389253e-06,1.2217788693954394e-06,0.0,0.03257425187244722,1.2217788693954394e-06
424,0.0,lbfgs,6438,325.4713258743286,,,,1.18623041998564e-06,1.2213273387773915e-06,0.0,0.03264582563603104,1.2213273387773915e-06
425,0.0,lbfgs,6439,326.08926153182983,,,,1.1832301538885661e-06,1.218572970204258e-06,0.0,0.03265040835487616,1.218572970204258e-06
426,0.0,lbfgs,6440,327.25343132019043,,,,1.1815655444882537e-06,1.2172113615980008e-06,0.0,0.03273562813543159,1.2172113615980008e-06
427,0.0,lbfgs,6441,327.8522627353668,,,,1.1788412465704487e-06,1.2132158873162878e-06,0.0,0.0327027914066704,1.2132158873162878e-06
428,0.0,lbfgs,6442,328.4145369529724,,,,1.1772423665801493e-06,1.2110833545006089e-06,0.0,0.03266067541731458,1.2110833545006089e-06
429,0.0,lbfgs,6443,329.0013246536255,,,,1.1739800776766126e-06,1.2073038744614328e-06,0.0,0.03260995171245744,1.2073038744614328e-06
430,0.0,lbfgs,6444,329.56922674179077,,,,1.1702674835081297e-06,1.2040427783560547e-06,0.0,0.03269604888715323,1.2040427783560547e-06
431,0.0,lbfgs,6445,330.18458676338196,,,,1.1663961936822044e-06,1.198938604289507e-06,0.0,0.03284403412037107,1.198938604289507e-06
432,0.0,lbfgs,6446,330.79710507392883,,,,1.1644746591763782e-06,1.1991525212255686e-06,0.0,0.033001933838499184,1.1991525212255686e-06
433,0.0,lbfgs,6447,331.35019612312317,,,,1.1613564055613272e-06,1.1964550442533921e-06,0.0,0.0331574809327517,1.1964550442533921e-06
434,0.0,lbfgs,6448,331.97133708000183,,,,1.1599047321776276e-06,1.1947926893878416e-06,0.0,0.03313286550673307,1.1947926893878416e-06
435,0.0,lbfgs,6449,332.57199716567993,,,,1.157657602136088e-06,1.1930483658391736e-06,0.0,0.03323002918006104,1.1930483658391736e-06
436,0.0,lbfgs,6450,333.8070068359375,,,,1.1558274554745817e-06,1.1888249168676564e-06,0.0,0.03313050480260535,1.1888249168676564e-06
437,0.0,lbfgs,6451,334.4189383983612,,,,1.1525265346183458e-06,1.1864448748232433e-06,0.0,0.03318743602454282,1.1864448748232433e-06
438,0.0,lbfgs,6452,335.03040194511414,,,,1.1497076973723708e-06,1.1844071194491156e-06,0.0,0.03315793456757125,1.1844071194491156e-06
439,0.0,lbfgs,6453,336.2329730987549,,,,1.1479752559681809e-06,1.1825043421948961e-06,0.0,0.033073614616474414,1.1825043421948961e-06
440,0.0,lbfgs,6454,336.8680968284607,,,,1.1456743330611453e-06,1.1812600327497104e-06,0.0,0.03299875294924499,1.1812600327497104e-06
441,0.0,lbfgs,6455,337.48690533638,,,,1.143973209909909e-06,1.1802073524417825e-06,0.0,0.03291369881568818,1.1802073524417825e-06
442,0.0,lbfgs,6456,338.11192631721497,,,,1.141212037963731e-06,1.1784137511024425e-06,0.0,0.0328304112144831,1.1784137511024425e-06
443,0.0,lbfgs,6457,338.7302939891815,,,,1.1383575230975944e-06,1.1758275595614723e-06,0.0,0.03278386923194085,1.1758275595614723e-06
444,0.0,lbfgs,6458,339.3402283191681,,,,1.1350236761702833e-06,1.1724347262371993e-06,0.0,0.03275941393562625,1.1724347262371993e-06
445,0.0,lbfgs,6459,339.95270824432373,,,,1.1308479977218376e-06,1.1680815524743381e-06,0.0,0.03274617890948955,1.1680815524743381e-06
446,0.0,lbfgs,6460,340.56137347221375,,,,1.1279744639493575e-06,1.1647237485339158e-06,0.0,0.03283812703817688,1.1647237485339158e-06
447,0.0,lbfgs,6461,341.16511273384094,,,,1.1229204246001367e-06,1.1590596972175128e-06,0.0,0.032992572132322893,1.1590596972175128e-06
448,0.0,lbfgs,6462,342.32603931427,,,,1.1215281880012917e-06,1.159221882682055e-06,0.0,0.033028056778306454,1.159221882682055e-06
449,0.0,lbfgs,6463,342.93984031677246,,,,1.1180320413427699e-06,1.1554028669921668e-06,0.0,0.03308851938345345,1.1554028669921668e-06
450,0.0,lbfgs,6464,343.5198030471802,,,,1.1153694241670226e-06,1.152783653885752e-06,0.0,0.032986114546939456,1.152783653885752e-06
451,0.0,lbfgs,6465,344.09430742263794,,,,1.1134541452564028e-06,1.1513427738271168e-06,0.0,0.032861485675236606,1.1513427738271168e-06
452,0.0,lbfgs,6466,344.6727240085602,,,,1.112276294277255e-06,1.1506816081861963e-06,0.0,0.03273158001730529,1.1506816081861963e-06
453,0.0,lbfgs,6467,345.2924244403839,,,,1.1115474121753116e-06,1.1512091096741889e-06,0.0,0.03252497208715812,1.1512091096741889e-06
454,0.0,lbfgs,6468,345.9039742946625,,,,1.1096115851962937e-06,1.1490467346827382e-06,0.0,0.03249922475226168,1.1490467346827382e-06
455,0.0,lbfgs,6469,346.52326488494873,,,,1.107437853387921e-06,1.1467247803846542e-06,0.0,0.03243143690707419,1.1467247803846542e-06
456,0.0,lbfgs,6470,347.1071779727936,,,,1.1057572504581123e-06,1.1451401979989981e-06,0.0,0.03234302858317364,1.1451401979989981e-06
457,0.0,lbfgs,6471,347.71962809562683,,,,1.103278840098854e-06,1.1427954590455075e-06,0.0,0.03217333485356057,1.1427954590455075e-06
458,0.0,lbfgs,6472,348.93359088897705,,,,1.1021246525456608e-06,1.1421791250812675e-06,0.0,0.032076147098737094,1.1421791250812675e-06
459,0.0,lbfgs,6473,349.5479967594147,,,,1.1001735895163977e-06,1.1405900657617873e-06,0.0,0.03198549935624094,1.1405900657617873e-06
460,0.0,lbfgs,6474,350.16990542411804,,,,1.0989500724185665e-06,1.1396793102491124e-06,0.0,0.03198441971634784,1.1396793102491124e-06
461,0.0,lbfgs,6475,350.7822206020355,,,,1.0967162079765666e-06,1.1382665513903376e-06,0.0,0.03200515836603661,1.1382665513903376e-06
462,0.0,lbfgs,6476,351.40440487861633,,,,1.0939784311027928e-06,1.1363778677011092e-06,0.0,0.03208841964127937,1.1363778677011092e-06
463,0.0,lbfgs,6477,352.03086590766907,,,,1.093657158593836e-06,1.1366068135831895e-06,0.0,0.032029824394249055,1.1366068135831895e-06
464,0.0,lbfgs,6478,352.64979696273804,,,,1.09014657507529e-06,1.1331566494569446e-06,0.0,0.032194412460168874,1.1331566494569446e-06
465,0.0,lbfgs,6479,353.22798562049866,,,,1.0887205348097199e-06,1.131140195889319e-06,0.0,0.03226433022972608,1.131140195889319e-06
466,0.0,lbfgs,6480,353.7826919555664,,,,1.0858679066723994e-06,1.1272242147614957e-06,0.0,0.03239752167379052,1.1272242147614957e-06
467,0.0,lbfgs,6481,354.38704204559326,,,,1.0826430595807955e-06,1.1231705060117533e-06,0.0,0.03247712682329017,1.1231705060117533e-06
468,0.0,lbfgs,6482,354.93873357772827,,,,1.078542460325724e-06,1.117155653504315e-06,0.0,0.03238713200482989,1.117155653504315e-06
469,0.0,lbfgs,6483,355.51258754730225,,,,1.0747605764337736e-06,1.1123014531224693e-06,0.0,0.03242195001383561,1.1123014531224693e-06
470,0.0,lbfgs,6484,356.09437704086304,,,,1.0722143164298526e-06,1.1099242472026862e-06,0.0,0.03221276703372512,1.1099242472026862e-06
471,0.0,lbfgs,6485,356.71127104759216,,,,1.0707199900010214e-06,1.108392822864884e-06,0.0,0.03206293427678068,1.108392822864884e-06
472,0.0,lbfgs,6486,357.3328676223755,,,,1.0686776943903022e-06,1.1060337952673634e-06,0.0,0.03189574904843287,1.1060337952673634e-06
473,0.0,lbfgs,6487,357.93318223953247,,,,1.067393076214905e-06,1.105786025720011e-06,0.0,0.03176353447838473,1.105786025720011e-06
474,0.0,lbfgs,6488,358.51044178009033,,,,1.0628987260113723e-06,1.0997848733897295e-06,0.0,0.03162312300454463,1.0997848733897295e-06
475,0.0,lbfgs,6489,359.116858959198,,,,1.0611835180992532e-06,1.097117899210584e-06,0.0,0.031646125074750925,1.097117899210584e-06
476,0.0,lbfgs,6490,359.6919496059418,,,,1.0598343502632954e-06,1.0952807097895475e-06,0.0,0.031671368168835014,1.0952807097895475e-06
477,0.0,lbfgs,6491,360.30943846702576,,,,1.0584470522788343e-06,1.0937507050175817e-06,0.0,0.03174221419376861,1.0937507050175817e-06
478,0.0,lbfgs,6492,360.89949011802673,,,,1.0552998007527645e-06,1.0904858516963384e-06,0.0,0.031865905436431134,1.0904858516963384e-06
479,0.0,lbfgs,6493,362.03105211257935,,,,1.0543501042744404e-06,1.0895740422078633e-06,0.0,0.031915240866312325,1.0895740422078633e-06
480,0.0,lbfgs,6494,362.6074206829071,,,,1.051759813058085e-06,1.086556125558659e-06,0.0,0.03208782806522953,1.086556125558659e-06
481,0.0,lbfgs,6495,363.2353181838989,,,,1.0505080632900091e-06,1.0853158632085235e-06,0.0,0.032056140864162475,1.0853158632085235e-06
482,0.0,lbfgs,6496,363.84311747550964,,,,1.0489770568867582e-06,1.0834999063746714e-06,0.0,0.031998115341460784,1.0834999063746714e-06
483,0.0,lbfgs,6497,364.4460666179657,,,,1.0471536889638556e-06,1.0817224427311464e-06,0.0,0.032021206358637415,1.0817224427311464e-06
484,0.0,lbfgs,6498,365.60084438323975,,,,1.0464554154834146e-06,1.0813652001017305e-06,0.0,0.0320857062376699,1.0813652001017305e-06
485,0.0,lbfgs,6499,366.2113587856293,,,,1.0444757048488734e-06,1.0796051605095838e-06,0.0,0.03214938563757991,1.0796051605095838e-06
486,0.0,lbfgs,6500,366.8111033439636,,,,1.0433916485222634e-06,1.078593933143451e-06,0.0,0.0322152719355252,1.078593933143451e-06
487,0.0,lbfgs,6501,367.42310643196106,,,,1.0421386690003417e-06,1.0773268559377497e-06,0.0,0.032321550621278256,1.0773268559377497e-06
488,0.0,lbfgs,6502,368.01844549179077,,,,1.041034801333872e-06,1.076241660539834e-06,0.0,0.03241997443709137,1.076241660539834e-06
489,0.0,lbfgs,6503,368.59937739372253,,,,1.0391881253045854e-06,1.0739306437041072e-06,0.0,0.03257325895416911,1.0739306437041072e-06
490,0.0,lbfgs,6504,369.2058446407318,,,,1.0371780939884288e-06,1.0729100330756898e-06,0.0,0.03274647944646334,1.0729100330756898e-06
491,0.0,lbfgs,6505,369.7960629463196,,,,1.0352922998145683e-06,1.0697893284607736e-06,0.0,0.03285060659224044,1.0697893284607736e-06
492,0.0,lbfgs,6506,370.4138774871826,,,,1.0336247159659948e-06,1.0680151555818822e-06,0.0,0.03280074735122729,1.0680151555818822e-06
493,0.0,lbfgs,6507,370.9978983402252,,,,1.0311019304508366e-06,1.0656575385671512e-06,0.0,0.03269947253006403,1.0656575385671512e-06
494,0.0,lbfgs,6508,371.62991881370544,,,,1.0294222879715236e-06,1.0640246248664618e-06,0.0,0.03259630211893193,1.0640246248664618e-06
495,0.0,lbfgs,6509,372.2092318534851,,,,1.0264237565218424e-06,1.0612527462417098e-06,0.0,0.03244702182567934,1.0612527462417098e-06
496,0.0,lbfgs,6510,372.7967529296875,,,,1.0249698064073717e-06,1.0596325561333771e-06,0.0,0.03216060348138796,1.0596325561333771e-06
497,0.0,lbfgs,6511,373.3892390727997,,,,1.022089860872494e-06,1.0554298910778093e-06,0.0,0.03215559796868365,1.0554298910778093e-06
498,0.0,lbfgs,6512,373.98207998275757,,,,1.0207426310551852e-06,1.0537100950954221e-06,0.0,0.03222396698174495,1.0537100950954221e-06
499,0.0,lbfgs,6513,374.53274607658386,,,,1.0195002748745637e-06,1.0523342049508888e-06,0.0,0.03224249549256561,1.0523342049508888e-06
500,0.0,lbfgs,6514,375.10714888572693,,,,1.0182712478196114e-06,1.0494284230641608e-06,0.0,0.03226621765620187,1.0494284230641608e-06
501,0.0,lbfgs,6515,375.7082712650299,,,,1.0165905350241745e-06,1.0483767204105243e-06,0.0,0.03221104248785151,1.0483767204105243e-06
502,0.0,lbfgs,6516,376.3240497112274,,,,1.0136951404115349e-06,1.0465078731251111e-06,0.0,0.03207418964053276,1.0465078731251111e-06
503,0.0,lbfgs,6517,376.93630480766296,,,,1.011506744017572e-06,1.0453002756934002e-06,0.0,0.03201443364098605,1.0453002756934002e-06
504,0.0,lbfgs,6518,377.55091071128845,,,,1.0076486230439853e-06,1.0415677370557749e-06,0.0,0.03185739030288834,1.0415677370557749e-06
505,0.0,lbfgs,6519,378.1631426811218,,,,1.005447214944624e-06,1.0404247227386705e-06,0.0,0.031798609662189135,1.0404247227386705e-06
506,0.0,lbfgs,6520,378.7519280910492,,,,1.0033437024990603e-06,1.0380341591862174e-06,0.0,0.031879103086267624,1.0380341591862174e-06
507,0.0,lbfgs,6521,379.35619473457336,,,,1.0011764438303907e-06,1.0351742572711108e-06,0.0,0.031816049776435734,1.0351742572711108e-06
508,0.0,lbfgs,6522,379.947922706604,,,,9.981893071116183e-07,1.031502892703978e-06,0.0,0.031729074036584745,1.031502892703978e-06
509,0.0,lbfgs,6523,381.1062562465668,,,,9.967522415141806e-07,1.029811628704162e-06,0.0,0.031752662454062046,1.029811628704162e-06
510,0.0,lbfgs,6524,381.7340259552002,,,,9.938171434787807e-07,1.026565923136636e-06,0.0,0.031641600839835846,1.026565923136636e-06
511,0.0,lbfgs,6525,382.3411524295807,,,,9.917028198599067e-07,1.0246935564281966e-06,0.0,0.0316179007978998,1.0246935564281966e-06
512,0.0,lbfgs,6526,382.90833139419556,,,,9.905215761376412e-07,1.0238873840885254e-06,0.0,0.03164180755164344,1.0238873840885254e-06
513,0.0,lbfgs,6527,383.49880385398865,,,,9.88785027230277e-07,1.0226245835034934e-06,0.0,0.03171677048041766,1.0226245835034934e-06
514,0.0,lbfgs,6528,384.06195521354675,,,,9.856581367660027e-07,1.0203568498331419e-06,0.0,0.03187387325118175,1.0203568498331419e-06
515,0.0,lbfgs,6529,385.26223826408386,,,,9.835123276919341e-07,1.017873844816505e-06,0.0,0.031783048632193826,1.017873844816505e-06
516,0.0,lbfgs,6530,385.8766152858734,,,,9.795999649842065e-07,1.0145137854685254e-06,0.0,0.031954392011176454,1.0145137854685254e-06
517,0.0,lbfgs,6531,386.498046875,,,,9.749494340333478e-07,1.0088075036780355e-06,0.0,0.031970152018265426,1.0088075036780355e-06
518,0.0,lbfgs,6532,387.11390805244446,,,,9.707115852202858e-07,1.0020398746269464e-06,0.0,0.03200880282237534,1.0020398746269464e-06
519,0.0,lbfgs,6533,387.7333559989929,,,,9.682876169845575e-07,9.971923844119116e-07,0.0,0.03186139120210343,9.971923844119116e-07
520,0.0,lbfgs,6534,388.362357378006,,,,9.661166530628237e-07,9.92799610921721e-07,0.0,0.03186802975859575,9.92799610921721e-07
521,0.0,lbfgs,6535,388.9494502544403,,,,9.634855337143106e-07,9.884801015194242e-07,0.0,0.031919447587206044,9.884801015194242e-07
522,0.0,lbfgs,6536,389.557785987854,,,,9.607479587988417e-07,9.837735561024112e-07,0.0,0.031752798222932845,9.837735561024112e-07
523,0.0,lbfgs,6537,390.2155373096466,,,,9.589669399797747e-07,9.82736334805439e-07,0.0,0.03173797349150779,9.82736334805439e-07
524,0.0,lbfgs,6538,390.8506622314453,,,,9.564585355741836e-07,9.812710015661032e-07,0.0,0.03161459847760422,9.812710015661032e-07
525,0.0,lbfgs,6539,391.47301602363586,,,,9.54712132476295e-07,9.79086326437001e-07,0.0,0.03153971003920143,9.79086326437001e-07
526,0.0,lbfgs,6540,392.6710453033447,,,,9.531401571366455e-07,9.77093625261535e-07,0.0,0.03129189965948976,9.77093625261535e-07
527,0.0,lbfgs,6541,393.2629232406616,,,,9.507659176316769e-07,9.732132868082168e-07,0.0,0.03117672125017037,9.732132868082168e-07
528,0.0,lbfgs,6542,393.861456155777,,,,9.488402872110985e-07,9.699000937442832e-07,0.0,0.031127560815233494,9.699000937442832e-07
529,0.0,lbfgs,6543,394.4692003726959,,,,9.466974651928263e-07,9.668066696655305e-07,0.0,0.031114354385901308,9.668066696655305e-07
530,0.0,lbfgs,6544,395.08773827552795,,,,9.442016553298594e-07,9.638246730891748e-07,0.0,0.03117096494521094,9.638246730891748e-07
531,0.0,lbfgs,6545,395.70310974121094,,,,9.424587310172797e-07,9.621569529484977e-07,0.0,0.03117423552664948,9.621569529484977e-07
532,0.0,lbfgs,6546,396.3379647731781,,,,9.403428323818816e-07,9.611962941969941e-07,0.0,0.031186328088744504,9.611962941969941e-07
533,0.0,lbfgs,6547,396.96655797958374,,,,9.387424180705658e-07,9.594243398944308e-07,0.0,0.03117021194056834,9.594243398944308e-07
534,0.0,lbfgs,6548,397.58175897598267,,,,9.358716795769893e-07,9.565695600664931e-07,0.0,0.030972155990472656,9.565695600664931e-07
535,0.0,lbfgs,6549,398.2018053531647,,,,9.340052213859555e-07,9.542609762111831e-07,0.0,0.030880197936644347,9.542609762111831e-07
536,0.0,lbfgs,6550,399.40504789352417,,,,9.328873033382305e-07,9.52358179716426e-07,0.0,0.03072228533642901,9.52358179716426e-07
537,0.0,lbfgs,6551,400.01229095458984,,,,9.314230114452065e-07,9.509361110950693e-07,0.0,0.030615533351682087,9.509361110950693e-07
538,0.0,lbfgs,6552,400.63083696365356,,,,9.305932442981247e-07,9.500741053080013e-07,0.0,0.030608339757034926,9.500741053080013e-07
539,0.0,lbfgs,6553,401.232764005661,,,,9.295295603686804e-07,9.496226796247607e-07,0.0,0.030595747135526017,9.496226796247607e-07
540,0.0,lbfgs,6554,401.8458878993988,,,,9.281467155464493e-07,9.487367827114223e-07,0.0,0.030605374657081186,9.487367827114223e-07
541,0.0,lbfgs,6555,402.45190382003784,,,,9.255196212547947e-07,9.461861107745067e-07,0.0,0.030522722252746947,9.461861107745067e-07
542,0.0,lbfgs,6556,403.6370093822479,,,,9.246666172371492e-07,9.465005648916224e-07,0.0,0.030482196366751802,9.465005648916224e-07
543,0.0,lbfgs,6557,404.24494314193726,,,,9.219657451085335e-07,9.431001091932618e-07,0.0,0.030366520264845202,9.431001091932618e-07
544,0.0,lbfgs,6558,404.87009263038635,,,,9.193766896522837e-07,9.401807992096488e-07,0.0,0.030262600766232068,9.401807992096488e-07
545,0.0,lbfgs,6559,405.4861099720001,,,,9.153768945174121e-07,9.349503952974085e-07,0.0,0.030062507867751734,9.349503952974085e-07
546,0.0,lbfgs,6560,406.10550355911255,,,,9.124564936815169e-07,9.322297917615635e-07,0.0,0.030058815034008434,9.322297917615635e-07
547,0.0,lbfgs,6561,406.7256739139557,,,,9.105333473304075e-07,9.307264168093113e-07,0.0,0.030047955047078835,9.307264168093113e-07
548,0.0,lbfgs,6562,407.34389448165894,,,,9.087472953226407e-07,9.296285120093226e-07,0.0,0.030104482759157267,9.296285120093226e-07
549,0.0,lbfgs,6563,407.95606327056885,,,,9.0732779749595e-07,9.287046083158556e-07,0.0,0.030089793074714582,9.287046083158556e-07
550,0.0,lbfgs,6564,408.57967233657837,,,,9.041280976176734e-07,9.261004214532731e-07,0.0,0.030071822766666128,9.261004214532731e-07
551,0.0,lbfgs,6565,409.20241951942444,,,,9.019618936060656e-07,9.236415757025668e-07,0.0,0.03000305549453374,9.236415757025668e-07
552,0.0,lbfgs,6566,409.821816444397,,,,9.005127851405426e-07,9.190366299307959e-07,0.0,0.029840144356061995,9.190366299307959e-07
553,0.0,lbfgs,6567,410.44205927848816,,,,8.987576086844848e-07,9.180624074837127e-07,0.0,0.02988764349805673,9.180624074837127e-07
554,0.0,lbfgs,6568,411.05536246299744,,,,8.973881515999343e-07,9.168064447662049e-07,0.0,0.02987805196406153,9.168064447662049e-07
555,0.0,lbfgs,6569,411.6691679954529,,,,8.955468051245442e-07,9.146269379545378e-07,0.0,0.029818910808076228,9.146269379545378e-07
556,0.0,lbfgs,6570,412.28870820999146,,,,8.932474744598083e-07,9.116063950838605e-07,0.0,0.029734271596650444,9.116063950838605e-07
557,0.0,lbfgs,6571,413.5102770328522,,,,8.92006432425667e-07,9.108520389156058e-07,0.0,0.029682104650446513,9.108520389156058e-07
558,0.0,lbfgs,6572,414.12112832069397,,,,8.893784004680108e-07,9.065917554904458e-07,0.0,0.02958329773043649,9.065917554904458e-07
559,0.0,lbfgs,6573,414.74113154411316,,,,8.880088875458821e-07,9.047695673134893e-07,0.0,0.029529271852177155,9.047695673134893e-07
560,0.0,lbfgs,6574,415.35177087783813,,,,8.875445552428066e-07,9.03324151558098e-07,0.0,0.029499011170741,9.03324151558098e-07
561,0.0,lbfgs,6575,415.93715357780457,,,,8.866348857705578e-07,9.027239571794402e-07,0.0,0.029486279003599732,9.027239571794402e-07
562,0.0,lbfgs,6576,416.5213973522186,,,,8.859252383469638e-07,9.021148628090357e-07,0.0,0.02947976175308711,9.021148628090357e-07
